;Rank;CCA3;Country;Capital;Continent;Area (km²);Density (per km²);Growth Rate;World Population Percentage;Growth from 1970 to 2020;Growth (70-80);Growth (80-90);Growth (90-00);Growth (00-10);Growth (10-20);Growth (20-22);Population;Year
0;6;NGA;Nigeria;Abuja;Africa;923768;236.5759;1.0241;2.74;2.7489682245926454;0.3128019654894116;0.3051731165988378;0.29026878821309293;0.5351040647418441;0.2943380692978459;0.04902766873134142;55569264;1970
1;6;NGA;Nigeria;Abuja;Africa;923768;236.5759;1.0241;2.74;2.7489682245926454;0.3128019654894116;0.3051731165988378;0.29026878821309293;0.5351040647418441;0.2943380692978459;0.04902766873134142;72951439;1980
2;6;NGA;Nigeria;Abuja;Africa;923768;236.5759;1.0241;2.74;2.7489682245926454;0.3128019654894116;0.3051731165988378;0.29026878821309293;0.5351040647418441;0.2943380692978459;0.04902766873134142;95214257;1990
3;6;NGA;Nigeria;Abuja;Africa;923768;236.5759;1.0241;2.74;2.7489682245926454;0.3128019654894116;0.3051731165988378;0.29026878821309293;0.5351040647418441;0.2943380692978459;0.04902766873134142;122851984;2000
4;6;NGA;Nigeria;Abuja;Africa;923768;236.5759;1.0241;2.74;2.7489682245926454;0.3128019654894116;0.3051731165988378;0.29026878821309293;0.5351040647418441;0.2943380692978459;0.04902766873134142;160952853;2010
5;6;NGA;Nigeria;Abuja;Africa;923768;236.5759;1.0241;2.74;2.7489682245926454;0.3128019654894116;0.3051731165988378;0.29026878821309293;0.5351040647418441;0.2943380692978459;0.04902766873134142;183995785;2015
6;6;NGA;Nigeria;Abuja;Africa;923768;236.5759;1.0241;2.74;2.7489682245926454;0.3128019654894116;0.3051731165988378;0.29026878821309293;0.5351040647418441;0.2943380692978459;0.04902766873134142;208327405;2020
7;6;NGA;Nigeria;Abuja;Africa;923768;236.5759;1.0241;2.74;2.7489682245926454;0.3128019654894116;0.3051731165988378;0.29026878821309293;0.5351040647418441;0.2943380692978459;0.04902766873134142;218541212;2022
8;12;ETH;Ethiopia;Addis Ababa;Africa;1104300;111.7268;1.0257;1.55;3.1398153386119367;0.23446253081169352;0.3700795659660484;0.4000535694074404;0.6170157546111613;0.31324307433831483;0.052811373742115544;28308246;1970
9;12;ETH;Ethiopia;Addis Ababa;Africa;1104300;111.7268;1.0257;1.55;3.1398153386119367;0.23446253081169352;0.3700795659660484;0.4000535694074404;0.6170157546111613;0.31324307433831483;0.052811373742115544;34945469;1980
10;12;ETH;Ethiopia;Addis Ababa;Africa;1104300;111.7268;1.0257;1.55;3.1398153386119367;0.23446253081169352;0.3700795659660484;0.4000535694074404;0.6170157546111613;0.31324307433831483;0.052811373742115544;47878073;1990
11;12;ETH;Ethiopia;Addis Ababa;Africa;1104300;111.7268;1.0257;1.55;3.1398153386119367;0.23446253081169352;0.3700795659660484;0.4000535694074404;0.6170157546111613;0.31324307433831483;0.052811373742115544;67031867;2000
12;12;ETH;Ethiopia;Addis Ababa;Africa;1104300;111.7268;1.0257;1.55;3.1398153386119367;0.23446253081169352;0.3700795659660484;0.4000535694074404;0.6170157546111613;0.31324307433831483;0.052811373742115544;89237791;2010
13;12;ETH;Ethiopia;Addis Ababa;Africa;1104300;111.7268;1.0257;1.55;3.1398153386119367;0.23446253081169352;0.3700795659660484;0.4000535694074404;0.6170157546111613;0.31324307433831483;0.052811373742115544;102471895;2015
14;12;ETH;Ethiopia;Addis Ababa;Africa;1104300;111.7268;1.0257;1.55;3.1398153386119367;0.23446253081169352;0.3700795659660484;0.4000535694074404;0.6170157546111613;0.31324307433831483;0.052811373742115544;117190911;2020
15;12;ETH;Ethiopia;Addis Ababa;Africa;1104300;111.7268;1.0257;1.55;3.1398153386119367;0.23446253081169352;0.3700795659660484;0.4000535694074404;0.6170157546111613;0.31324307433831483;0.052811373742115544;123379924;2022
16;14;EGY;Egypt;Cairo;Africa;1002450;110.7188;1.0158;1.39;2.0896779154588816;0.2577935026481812;0.307806136504254;0.24743218648796644;0.42086599401320174;0.23165801729747004;0.032801047826358266;34781986;1970
17;14;EGY;Egypt;Cairo;Africa;1002450;110.7188;1.0158;1.39;2.0896779154588816;0.2577935026481812;0.307806136504254;0.24743218648796644;0.42086599401320174;0.23165801729747004;0.032801047826358266;43748556;1980
18;14;EGY;Egypt;Cairo;Africa;1002450;110.7188;1.0158;1.39;2.0896779154588816;0.2577935026481812;0.307806136504254;0.24743218648796644;0.42086599401320174;0.23165801729747004;0.032801047826358266;57214630;1990
19;14;EGY;Egypt;Cairo;Africa;1002450;110.7188;1.0158;1.39;2.0896779154588816;0.2577935026481812;0.307806136504254;0.24743218648796644;0.42086599401320174;0.23165801729747004;0.032801047826358266;71371371;2000
20;14;EGY;Egypt;Cairo;Africa;1002450;110.7188;1.0158;1.39;2.0896779154588816;0.2577935026481812;0.307806136504254;0.24743218648796644;0.42086599401320174;0.23165801729747004;0.032801047826358266;87252413;2010
21;14;EGY;Egypt;Cairo;Africa;1002450;110.7188;1.0158;1.39;2.0896779154588816;0.2577935026481812;0.307806136504254;0.24743218648796644;0.42086599401320174;0.23165801729747004;0.032801047826358266;97723799;2015
22;14;EGY;Egypt;Cairo;Africa;1002450;110.7188;1.0158;1.39;2.0896779154588816;0.2577935026481812;0.307806136504254;0.24743218648796644;0.42086599401320174;0.23165801729747004;0.032801047826358266;107465134;2020
23;14;EGY;Egypt;Cairo;Africa;1002450;110.7188;1.0158;1.39;2.0896779154588816;0.2577935026481812;0.307806136504254;0.24743218648796644;0.42086599401320174;0.23165801729747004;0.032801047826358266;110990103;2022
24;15;COD;DR Congo;Kinshasa;Africa;2344858;42.2244;1.0325;1.24;3.607701183813819;0.3253791125557291;0.3474096404443109;0.3509207811670155;0.6253808983514733;0.3985751768489637;0.06630951208081612;20151733;1970
25;15;COD;DR Congo;Kinshasa;Africa;2344858;42.2244;1.0325;1.24;3.607701183813819;0.3253791125557291;0.3474096404443109;0.3509207811670155;0.6253808983514733;0.3985751768489637;0.06630951208081612;26708686;1980
26;15;COD;DR Congo;Kinshasa;Africa;2344858;42.2244;1.0325;1.24;3.607701183813819;0.3253791125557291;0.3474096404443109;0.3509207811670155;0.6253808983514733;0.3985751768489637;0.06630951208081612;35987541;1990
27;15;COD;DR Congo;Kinshasa;Africa;2344858;42.2244;1.0325;1.24;3.607701183813819;0.3253791125557291;0.3474096404443109;0.3509207811670155;0.6253808983514733;0.3985751768489637;0.06630951208081612;48616317;2000
28;15;COD;DR Congo;Kinshasa;Africa;2344858;42.2244;1.0325;1.24;3.607701183813819;0.3253791125557291;0.3474096404443109;0.3509207811670155;0.6253808983514733;0.3985751768489637;0.06630951208081612;66391257;2010
29;15;COD;DR Congo;Kinshasa;Africa;2344858;42.2244;1.0325;1.24;3.607701183813819;0.3253791125557291;0.3474096404443109;0.3509207811670155;0.6253808983514733;0.3985751768489637;0.06630951208081612;78656904;2015
30;15;COD;DR Congo;Kinshasa;Africa;2344858;42.2244;1.0325;1.24;3.607701183813819;0.3253791125557291;0.3474096404443109;0.3509207811670155;0.6253808983514733;0.3985751768489637;0.06630951208081612;92853164;2020
31;15;COD;DR Congo;Kinshasa;Africa;2344858;42.2244;1.0325;1.24;3.607701183813819;0.3253791125557291;0.3474096404443109;0.3509207811670155;0.6253808983514733;0.3985751768489637;0.06630951208081612;99010212;2022
32;22;TZA;Tanzania;Dodoma;Africa;945087;69.3034;1.03;0.82;3.5310359848062065;0.4170500019385833;0.3579891737127286;0.31510677778824187;0.5485340461373508;0.3678518541802892;0.06147410470008047;13618192;1970
33;22;TZA;Tanzania;Dodoma;Africa;945087;69.3034;1.03;0.82;3.5310359848062065;0.4170500019385833;0.3579891737127286;0.31510677778824187;0.5485340461373508;0.3678518541802892;0.06147410470008047;19297659;1980
34;22;TZA;Tanzania;Dodoma;Africa;945087;69.3034;1.03;0.82;3.5310359848062065;0.4170500019385833;0.3579891737127286;0.31510677778824187;0.5485340461373508;0.3678518541802892;0.06147410470008047;26206012;1990
35;22;TZA;Tanzania;Dodoma;Africa;945087;69.3034;1.03;0.82;3.5310359848062065;0.4170500019385833;0.3579891737127286;0.31510677778824187;0.5485340461373508;0.3678518541802892;0.06147410470008047;34463704;2000
36;22;TZA;Tanzania;Dodoma;Africa;945087;69.3034;1.03;0.82;3.5310359848062065;0.4170500019385833;0.3579891737127286;0.31510677778824187;0.5485340461373508;0.3678518541802892;0.06147410470008047;45110527;2010
37;22;TZA;Tanzania;Dodoma;Africa;945087;69.3034;1.03;0.82;3.5310359848062065;0.4170500019385833;0.3579891737127286;0.31510677778824187;0.5485340461373508;0.3678518541802892;0.06147410470008047;52542823;2015
38;22;TZA;Tanzania;Dodoma;Africa;945087;69.3034;1.03;0.82;3.5310359848062065;0.4170500019385833;0.3579891737127286;0.31510677778824187;0.5485340461373508;0.3678518541802892;0.06147410470008047;61704518;2020
39;22;TZA;Tanzania;Dodoma;Africa;945087;69.3034;1.03;0.82;3.5310359848062065;0.4170500019385833;0.3579891737127286;0.31510677778824187;0.5485340461373508;0.3678518541802892;0.06147410470008047;65497748;2022
40;24;ZAF;South Africa;Pretoria;Africa;1221037;49.0517;1.0084;0.75;1.6288055519269093;0.31720073035481544;0.3534543988573814;0.17392474014840925;0.25435847607812706;0.13550288123448137;0.018570105704188912;22368306;1970
41;24;ZAF;South Africa;Pretoria;Africa;1221037;49.0517;1.0084;0.75;1.6288055519269093;0.31720073035481544;0.3534543988573814;0.17392474014840925;0.25435847607812706;0.13550288123448137;0.018570105704188912;29463549;1980
42;24;ZAF;South Africa;Pretoria;Africa;1221037;49.0517;1.0084;0.75;1.6288055519269093;0.31720073035481544;0.3534543988573814;0.17392474014840925;0.25435847607812706;0.13550288123448137;0.018570105704188912;39877570;1990
43;24;ZAF;South Africa;Pretoria;Africa;1221037;49.0517;1.0084;0.75;1.6288055519269093;0.31720073035481544;0.3534543988573814;0.17392474014840925;0.25435847607812706;0.13550288123448137;0.018570105704188912;46813266;2000
44;24;ZAF;South Africa;Pretoria;Africa;1221037;49.0517;1.0084;0.75;1.6288055519269093;0.31720073035481544;0.3534543988573814;0.17392474014840925;0.25435847607812706;0.13550288123448137;0.018570105704188912;51784921;2010
45;24;ZAF;South Africa;Pretoria;Africa;1221037;49.0517;1.0084;0.75;1.6288055519269093;0.31720073035481544;0.3534543988573814;0.17392474014840925;0.25435847607812706;0.13550288123448137;0.018570105704188912;55876504;2015
46;24;ZAF;South Africa;Pretoria;Africa;1221037;49.0517;1.0084;0.75;1.6288055519269093;0.31720073035481544;0.3534543988573814;0.17392474014840925;0.25435847607812706;0.13550288123448137;0.018570105704188912;58801927;2020
47;24;ZAF;South Africa;Pretoria;Africa;1221037;49.0517;1.0084;0.75;1.6288055519269093;0.31720073035481544;0.3534543988573814;0.17392474014840925;0.25435847607812706;0.13550288123448137;0.018570105704188912;59893885;2022
48;27;KEN;Kenya;Nairobi;Africa;580367;93.0919;1.0193;0.68;3.5311065801209387;0.410877822158936;0.43090699743821076;0.331976845619054;0.5949650076563275;0.2521294733271039;0.039274336174238415;11473087;1970
49;27;KEN;Kenya;Nairobi;Africa;580367;93.0919;1.0193;0.68;3.5311065801209387;0.410877822158936;0.43090699743821076;0.331976845619054;0.5949650076563275;0.2521294733271039;0.039274336174238415;16187124;1980
50;27;KEN;Kenya;Nairobi;Africa;580367;93.0919;1.0193;0.68;3.5311065801209387;0.410877822158936;0.43090699743821076;0.331976845619054;0.5949650076563275;0.2521294733271039;0.039274336174238415;23162269;1990
51;27;KEN;Kenya;Nairobi;Africa;580367;93.0919;1.0193;0.68;3.5311065801209387;0.410877822158936;0.43090699743821076;0.331976845619054;0.5949650076563275;0.2521294733271039;0.039274336174238415;30851606;2000
52;27;KEN;Kenya;Nairobi;Africa;580367;93.0919;1.0193;0.68;3.5311065801209387;0.410877822158936;0.43090699743821076;0.331976845619054;0.5949650076563275;0.2521294733271039;0.039274336174238415;41517895;2010
53;27;KEN;Kenya;Nairobi;Africa;580367;93.0919;1.0193;0.68;3.5311065801209387;0.410877822158936;0.43090699743821076;0.331976845619054;0.5949650076563275;0.2521294733271039;0.039274336174238415;46851488;2015
54;27;KEN;Kenya;Nairobi;Africa;580367;93.0919;1.0193;0.68;3.5311065801209387;0.410877822158936;0.43090699743821076;0.331976845619054;0.5949650076563275;0.2521294733271039;0.039274336174238415;51985780;2020
55;27;KEN;Kenya;Nairobi;Africa;580367;93.0919;1.0193;0.68;3.5311065801209387;0.410877822158936;0.43090699743821076;0.331976845619054;0.5949650076563275;0.2521294733271039;0.039274336174238415;54027487;2022
56;31;UGA;Uganda;Kampala;Africa;241550;195.61;1.0304;0.59;3.3039351134783312;0.28755966243593717;0.3238930727777859;0.3658499098462866;0.6142660223389854;0.37298201877153875;0.06406933730373181;10317212;1970
57;31;UGA;Uganda;Kampala;Africa;241550;195.61;1.0304;0.59;3.3039351134783312;0.28755966243593717;0.3238930727777859;0.3658499098462866;0.6142660223389854;0.37298201877153875;0.06406933730373181;13284026;1980
58;31;UGA;Uganda;Kampala;Africa;241550;195.61;1.0304;0.59;3.3039351134783312;0.28755966243593717;0.3238930727777859;0.3658499098462866;0.6142660223389854;0.37298201877153875;0.06406933730373181;17586630;1990
59;31;UGA;Uganda;Kampala;Africa;241550;195.61;1.0304;0.59;3.3039351134783312;0.28755966243593717;0.3238930727777859;0.3658499098462866;0.6142660223389854;0.37298201877153875;0.06406933730373181;24020697;2000
60;31;UGA;Uganda;Kampala;Africa;241550;195.61;1.0304;0.59;3.3039351134783312;0.28755966243593717;0.3238930727777859;0.3658499098462866;0.6142660223389854;0.37298201877153875;0.06406933730373181;32341728;2010
61;31;UGA;Uganda;Kampala;Africa;241550;195.61;1.0304;0.59;3.3039351134783312;0.28755966243593717;0.3238930727777859;0.3658499098462866;0.6142660223389854;0.37298201877153875;0.06406933730373181;37477356;2015
62;31;UGA;Uganda;Kampala;Africa;241550;195.61;1.0304;0.59;3.3039351134783312;0.28755966243593717;0.3238930727777859;0.3658499098462866;0.6142660223389854;0.37298201877153875;0.06406933730373181;44404611;2020
63;31;UGA;Uganda;Kampala;Africa;241550;195.61;1.0304;0.59;3.3039351134783312;0.28755966243593717;0.3238930727777859;0.3658499098462866;0.6142660223389854;0.37298201877153875;0.06406933730373181;47249585;2022
64;32;SDN;Sudan;Khartoum;Africa;1886068;24.8529;1.0267;0.59;2.9309753400336094;0.4748591047345798;0.2649280124863362;0.24692594706547652;0.4809747968089614;0.31714802160395517;0.05476353251402336;11305206;1970
65;32;SDN;Sudan;Khartoum;Africa;1886068;24.8529;1.0267;0.59;2.9309753400336094;0.4748591047345798;0.2649280124863362;0.24692594706547652;0.4809747968089614;0.31714802160395517;0.05476353251402336;16673586;1980
66;32;SDN;Sudan;Khartoum;Africa;1886068;24.8529;1.0267;0.59;2.9309753400336094;0.4748591047345798;0.2649280124863362;0.24692594706547652;0.4809747968089614;0.31714802160395517;0.05476353251402336;21090886;1990
67;32;SDN;Sudan;Khartoum;Africa;1886068;24.8529;1.0267;0.59;2.9309753400336094;0.4748591047345798;0.2649280124863362;0.24692594706547652;0.4809747968089614;0.31714802160395517;0.05476353251402336;26298773;2000
68;32;SDN;Sudan;Khartoum;Africa;1886068;24.8529;1.0267;0.59;2.9309753400336094;0.4748591047345798;0.2649280124863362;0.24692594706547652;0.4809747968089614;0.31714802160395517;0.05476353251402336;33739933;2010
69;32;SDN;Sudan;Khartoum;Africa;1886068;24.8529;1.0267;0.59;2.9309753400336094;0.4748591047345798;0.2649280124863362;0.24692594706547652;0.4809747968089614;0.31714802160395517;0.05476353251402336;38171178;2015
70;32;SDN;Sudan;Khartoum;Africa;1886068;24.8529;1.0267;0.59;2.9309753400336094;0.4748591047345798;0.2649280124863362;0.24692594706547652;0.4809747968089614;0.31714802160395517;0.05476353251402336;44440486;2020
71;32;SDN;Sudan;Khartoum;Africa;1886068;24.8529;1.0267;0.59;2.9309753400336094;0.4748591047345798;0.2649280124863362;0.24692594706547652;0.4809747968089614;0.31714802160395517;0.05476353251402336;46874204;2022
72;34;DZA;Algeria;Algiers;Africa;2381741;18.8531;1.0164;0.56;2.1496037776399755;0.3583280268108349;0.3617353788370137;0.20599309336590216;0.3359349250799872;0.21182644834063394;0.03340629102690792;13795915;1970
73;34;DZA;Algeria;Algiers;Africa;2381741;18.8531;1.0164;0.56;2.1496037776399755;0.3583280268108349;0.3617353788370137;0.20599309336590216;0.3359349250799872;0.21182644834063394;0.03340629102690792;18739378;1980
74;34;DZA;Algeria;Algiers;Africa;2381741;18.8531;1.0164;0.56;2.1496037776399755;0.3583280268108349;0.3617353788370137;0.20599309336590216;0.3359349250799872;0.21182644834063394;0.03340629102690792;25518074;1990
75;34;DZA;Algeria;Algiers;Africa;2381741;18.8531;1.0164;0.56;2.1496037776399755;0.3583280268108349;0.3617353788370137;0.20599309336590216;0.3359349250799872;0.21182644834063394;0.03340629102690792;30774621;2000
76;34;DZA;Algeria;Algiers;Africa;2381741;18.8531;1.0164;0.56;2.1496037776399755;0.3583280268108349;0.3617353788370137;0.20599309336590216;0.3359349250799872;0.21182644834063394;0.03340629102690792;35856344;2010
77;34;DZA;Algeria;Algiers;Africa;2381741;18.8531;1.0164;0.56;2.1496037776399755;0.3583280268108349;0.3617353788370137;0.20599309336590216;0.3359349250799872;0.21182644834063394;0.03340629102690792;39543154;2015
78;34;DZA;Algeria;Algiers;Africa;2381741;18.8531;1.0164;0.56;2.1496037776399755;0.3583280268108349;0.3617353788370137;0.20599309336590216;0.3359349250799872;0.21182644834063394;0.03340629102690792;43451666;2020
79;34;DZA;Algeria;Algiers;Africa;2381741;18.8531;1.0164;0.56;2.1496037776399755;0.3583280268108349;0.3617353788370137;0.20599309336590216;0.3359349250799872;0.21182644834063394;0.03340629102690792;44903225;2022
80;40;MAR;Morocco;Rabat;Africa;446550;83.883;1.0103;0.47;1.4019856555607502;0.28833257792753353;0.24861569339527048;0.1621273515806192;0.27645640787948206;0.13010702493295445;0.020965515008242848;15274351;1970
81;40;MAR;Morocco;Rabat;Africa;446550;83.883;1.0103;0.47;1.4019856555607502;0.28833257792753353;0.24861569339527048;0.1621273515806192;0.27645640787948206;0.13010702493295445;0.020965515008242848;19678444;1980
82;40;MAR;Morocco;Rabat;Africa;446550;83.883;1.0103;0.47;1.4019856555607502;0.28833257792753353;0.24861569339527048;0.1621273515806192;0.27645640787948206;0.13010702493295445;0.020965515008242848;24570814;1990
83;40;MAR;Morocco;Rabat;Africa;446550;83.883;1.0103;0.47;1.4019856555607502;0.28833257792753353;0.24861569339527048;0.1621273515806192;0.27645640787948206;0.13010702493295445;0.020965515008242848;28554415;2000
84;40;MAR;Morocco;Rabat;Africa;446550;83.883;1.0103;0.47;1.4019856555607502;0.28833257792753353;0.24861569339527048;0.1621273515806192;0.27645640787948206;0.13010702493295445;0.020965515008242848;32464865;2010
85;40;MAR;Morocco;Rabat;Africa;446550;83.883;1.0103;0.47;1.4019856555607502;0.28833257792753353;0.24861569339527048;0.1621273515806192;0.27645640787948206;0.13010702493295445;0.020965515008242848;34680458;2015
86;40;MAR;Morocco;Rabat;Africa;446550;83.883;1.0103;0.47;1.4019856555607502;0.28833257792753353;0.24861569339527048;0.1621273515806192;0.27645640787948206;0.13010702493295445;0.020965515008242848;36688772;2020
87;40;MAR;Morocco;Rabat;Africa;446550;83.883;1.0103;0.47;1.4019856555607502;0.28833257792753353;0.24861569339527048;0.1621273515806192;0.27645640787948206;0.13010702493295445;0.020965515008242848;37457971;2022
88;42;AGO;Angola;Luanda;Africa;1246700;28.5466;1.0315;0.45;4.543971507703534;0.38150272816226344;0.41999654983939466;0.3859636248907102;0.7036417820061922;0.43075758901926176;0.06463056880980397;6029700;1970
89;42;AGO;Angola;Luanda;Africa;1246700;28.5466;1.0315;0.45;4.543971507703534;0.38150272816226344;0.41999654983939466;0.3859636248907102;0.7036417820061922;0.43075758901926176;0.06463056880980397;8330047;1980
90;42;AGO;Angola;Luanda;Africa;1246700;28.5466;1.0315;0.45;4.543971507703534;0.38150272816226344;0.41999654983939466;0.3859636248907102;0.7036417820061922;0.43075758901926176;0.06463056880980397;11828638;1990
91;42;AGO;Angola;Luanda;Africa;1246700;28.5466;1.0315;0.45;4.543971507703534;0.38150272816226344;0.41999654983939466;0.3859636248907102;0.7036417820061922;0.43075758901926176;0.06463056880980397;16394062;2000
92;42;AGO;Angola;Luanda;Africa;1246700;28.5466;1.0315;0.45;4.543971507703534;0.38150272816226344;0.41999654983939466;0.3859636248907102;0.7036417820061922;0.43075758901926176;0.06463056880980397;23364185;2010
93;42;AGO;Angola;Luanda;Africa;1246700;28.5466;1.0315;0.45;4.543971507703534;0.38150272816226344;0.41999654983939466;0.3859636248907102;0.7036417820061922;0.43075758901926176;0.06463056880980397;28127721;2015
94;42;AGO;Angola;Luanda;Africa;1246700;28.5466;1.0315;0.45;4.543971507703534;0.38150272816226344;0.41999654983939466;0.3859636248907102;0.7036417820061922;0.43075758901926176;0.06463056880980397;33428485;2020
95;42;AGO;Angola;Luanda;Africa;1246700;28.5466;1.0315;0.45;4.543971507703534;0.38150272816226344;0.41999654983939466;0.3859636248907102;0.7036417820061922;0.43075758901926176;0.06463056880980397;35588987;2022
96;47;GHA;Ghana;Accra;Africa;238533;140.3406;1.0196;0.42;2.631322758845597;0.33890618202991574;0.3018678247378942;0.27309671235455574;0.5150001764511275;0.25828952411950257;0.04025645920322746;8861895;1970
97;47;GHA;Ghana;Accra;Africa;238533;140.3406;1.0196;0.42;2.631322758845597;0.33890618202991574;0.3018678247378942;0.27309671235455574;0.5150001764511275;0.25828952411950257;0.04025645920322746;11865246;1980
98;47;GHA;Ghana;Accra;Africa;238533;140.3406;1.0196;0.42;2.631322758845597;0.33890618202991574;0.3018678247378942;0.27309671235455574;0.5150001764511275;0.25828952411950257;0.04025645920322746;15446982;1990
99;47;GHA;Ghana;Accra;Africa;238533;140.3406;1.0196;0.42;2.631322758845597;0.33890618202991574;0.3018678247378942;0.27309671235455574;0.5150001764511275;0.25828952411950257;0.04025645920322746;19665502;2000
100;47;GHA;Ghana;Accra;Africa;238533;140.3406;1.0196;0.42;2.631322758845597;0.33890618202991574;0.3018678247378942;0.27309671235455574;0.5150001764511275;0.25828952411950257;0.04025645920322746;25574719;2010
101;47;GHA;Ghana;Accra;Africa;238533;140.3406;1.0196;0.42;2.631322758845597;0.33890618202991574;0.3018678247378942;0.27309671235455574;0.5150001764511275;0.25828952411950257;0.04025645920322746;28870939;2015
102;47;GHA;Ghana;Accra;Africa;238533;140.3406;1.0196;0.42;2.631322758845597;0.33890618202991574;0.3018678247378942;0.27309671235455574;0.5150001764511275;0.25828952411950257;0.04025645920322746;32180401;2020
103;47;GHA;Ghana;Accra;Africa;238533;140.3406;1.0196;0.42;2.631322758845597;0.33890618202991574;0.3018678247378942;0.27309671235455574;0.5150001764511275;0.25828952411950257;0.04025645920322746;33475870;2022
104;48;MOZ;Mozambique;Maputo;Africa;801590;41.1302;1.0278;0.41;2.70654302424392;0.3568743018632672;0.16558089932639056;0.3356304552071758;0.5498641557069658;0.351244400394336;0.05745282791629123;8411676;1970
105;48;MOZ;Mozambique;Maputo;Africa;801590;41.1302;1.0278;0.41;2.70654302424392;0.3568743018632672;0.16558089932639056;0.3356304552071758;0.5498641557069658;0.351244400394336;0.05745282791629123;11413587;1980
106;48;MOZ;Mozambique;Maputo;Africa;801590;41.1302;1.0278;0.41;2.70654302424392;0.3568743018632672;0.16558089932639056;0.3356304552071758;0.5498641557069658;0.351244400394336;0.05745282791629123;13303459;1990
107;48;MOZ;Mozambique;Maputo;Africa;801590;41.1302;1.0278;0.41;2.70654302424392;0.3568743018632672;0.16558089932639056;0.3356304552071758;0.5498641557069658;0.351244400394336;0.05745282791629123;17768505;2000
108;48;MOZ;Mozambique;Maputo;Africa;801590;41.1302;1.0278;0.41;2.70654302424392;0.3568743018632672;0.16558089932639056;0.3356304552071758;0.5498641557069658;0.351244400394336;0.05745282791629123;23073723;2010
109;48;MOZ;Mozambique;Maputo;Africa;801590;41.1302;1.0278;0.41;2.70654302424392;0.3568743018632672;0.16558089932639056;0.3356304552071758;0.5498641557069658;0.351244400394336;0.05745282791629123;26843246;2015
110;48;MOZ;Mozambique;Maputo;Africa;801590;41.1302;1.0278;0.41;2.70654302424392;0.3568743018632672;0.16558089932639056;0.3356304552071758;0.5498641557069658;0.351244400394336;0.05745282791629123;31178239;2020
111;48;MOZ;Mozambique;Maputo;Africa;801590;41.1302;1.0278;0.41;2.70654302424392;0.3568743018632672;0.16558089932639056;0.3356304552071758;0.5498641557069658;0.351244400394336;0.05745282791629123;32969517;2022
112;50;MDG;Madagascar;Antananarivo;Africa;587041;50.4423;1.0241;0.37;3.2509390788901573;0.34766529648476274;0.32795561814817387;0.3647021626790135;0.607303234601991;0.2988407418637284;0.04912412063881832;6639751;1970
113;50;MDG;Madagascar;Antananarivo;Africa;587041;50.4423;1.0241;0.37;3.2509390788901573;0.34766529648476274;0.32795561814817387;0.3647021626790135;0.607303234601991;0.2988407418637284;0.04912412063881832;8948162;1980
114;50;MDG;Madagascar;Antananarivo;Africa;587041;50.4423;1.0241;0.37;3.2509390788901573;0.34766529648476274;0.32795561814817387;0.3647021626790135;0.607303234601991;0.2988407418637284;0.04912412063881832;11882762;1990
115;50;MDG;Madagascar;Antananarivo;Africa;587041;50.4423;1.0241;0.37;3.2509390788901573;0.34766529648476274;0.32795561814817387;0.3647021626790135;0.607303234601991;0.2988407418637284;0.04912412063881832;16216431;2000
116;50;MDG;Madagascar;Antananarivo;Africa;587041;50.4423;1.0241;0.37;3.2509390788901573;0.34766529648476274;0.32795561814817387;0.3647021626790135;0.607303234601991;0.2988407418637284;0.04912412063881832;21731053;2010
117;50;MDG;Madagascar;Antananarivo;Africa;587041;50.4423;1.0241;0.37;3.2509390788901573;0.34766529648476274;0.32795561814817387;0.3647021626790135;0.607303234601991;0.2988407418637284;0.04912412063881832;24850912;2015
118;50;MDG;Madagascar;Antananarivo;Africa;587041;50.4423;1.0241;0.37;3.2509390788901573;0.34766529648476274;0.32795561814817387;0.3647021626790135;0.607303234601991;0.2988407418637284;0.04912412063881832;28225177;2020
119;50;MDG;Madagascar;Antananarivo;Africa;587041;50.4423;1.0241;0.37;3.2509390788901573;0.34766529648476274;0.32795561814817387;0.3647021626790135;0.607303234601991;0.2988407418637284;0.04912412063881832;29611714;2022
120;52;CIV;Ivory Coast;Yamoussoukro;Africa;322463;87.3295;1.0248;0.35;3.8952654751084794;0.5160998019749918;0.43434657516809455;0.41048768569687016;0.5481954109812871;0.26949510801162235;0.050304436965976536;5477086;1970
121;52;CIV;Ivory Coast;Yamoussoukro;Africa;322463;87.3295;1.0248;0.35;3.8952654751084794;0.5160998019749918;0.43434657516809455;0.41048768569687016;0.5481954109812871;0.26949510801162235;0.050304436965976536;8303809;1980
122;52;CIV;Ivory Coast;Yamoussoukro;Africa;322463;87.3295;1.0248;0.35;3.8952654751084794;0.5160998019749918;0.43434657516809455;0.41048768569687016;0.5481954109812871;0.26949510801162235;0.050304436965976536;11910540;1990
123;52;CIV;Ivory Coast;Yamoussoukro;Africa;322463;87.3295;1.0248;0.35;3.8952654751084794;0.5160998019749918;0.43434657516809455;0.41048768569687016;0.5481954109812871;0.26949510801162235;0.050304436965976536;16799670;2000
124;52;CIV;Ivory Coast;Yamoussoukro;Africa;322463;87.3295;1.0248;0.35;3.8952654751084794;0.5160998019749918;0.43434657516809455;0.41048768569687016;0.5481954109812871;0.26949510801162235;0.050304436965976536;21120042;2010
125;52;CIV;Ivory Coast;Yamoussoukro;Africa;322463;87.3295;1.0248;0.35;3.8952654751084794;0.5160998019749918;0.43434657516809455;0.41048768569687016;0.5481954109812871;0.26949510801162235;0.050304436965976536;23596741;2015
126;52;CIV;Ivory Coast;Yamoussoukro;Africa;322463;87.3295;1.0248;0.35;3.8952654751084794;0.5160998019749918;0.43434657516809455;0.41048768569687016;0.5481954109812871;0.26949510801162235;0.050304436965976536;26811790;2020
127;52;CIV;Ivory Coast;Yamoussoukro;Africa;322463;87.3295;1.0248;0.35;3.8952654751084794;0.5160998019749918;0.43434657516809455;0.41048768569687016;0.5481954109812871;0.26949510801162235;0.050304436965976536;28160542;2022
128;53;CMR;Cameroon;Yaounde;Africa;475442;58.7128;1.0263;0.35;3.105371368991414;0.32034282241146345;0.3416274926521947;0.3202893656631544;0.559749752080529;0.3326813071472453;0.053733129184166735;6452787;1970
129;53;CMR;Cameroon;Yaounde;Africa;475442;58.7128;1.0263;0.35;3.105371368991414;0.32034282241146345;0.3416274926521947;0.3202893656631544;0.559749752080529;0.3326813071472453;0.053733129184166735;8519891;1980
130;53;CMR;Cameroon;Yaounde;Africa;475442;58.7128;1.0263;0.35;3.105371368991414;0.32034282241146345;0.3416274926521947;0.3202893656631544;0.559749752080529;0.3326813071472453;0.053733129184166735;11430520;1990
131;53;CMR;Cameroon;Yaounde;Africa;475442;58.7128;1.0263;0.35;3.105371368991414;0.32034282241146345;0.3416274926521947;0.3202893656631544;0.559749752080529;0.3326813071472453;0.053733129184166735;15091594;2000
132;53;CMR;Cameroon;Yaounde;Africa;475442;58.7128;1.0263;0.35;3.105371368991414;0.32034282241146345;0.3416274926521947;0.3202893656631544;0.559749752080529;0.3326813071472453;0.053733129184166735;19878036;2010
133;53;CMR;Cameroon;Yaounde;Africa;475442;58.7128;1.0263;0.35;3.105371368991414;0.32034282241146345;0.3416274926521947;0.3202893656631544;0.559749752080529;0.3326813071472453;0.053733129184166735;23012646;2015
134;53;CMR;Cameroon;Yaounde;Africa;475442;58.7128;1.0263;0.35;3.105371368991414;0.32034282241146345;0.3416274926521947;0.3202893656631544;0.559749752080529;0.3326813071472453;0.053733129184166735;26491087;2020
135;53;CMR;Cameroon;Yaounde;Africa;475442;58.7128;1.0263;0.35;3.105371368991414;0.32034282241146345;0.3416274926521947;0.3202893656631544;0.559749752080529;0.3326813071472453;0.053733129184166735;27914536;2022
136;54;NER;Niger;Niamey;Africa;1267000;20.6851;1.0378;0.33;4.210955160365487;0.32196210127057195;0.3559706776591697;0.3885025852840288;0.7121340931705422;0.4616955186720347;0.07702662146011124;4669708;1970
137;54;NER;Niger;Niamey;Africa;1267000;20.6851;1.0378;0.33;4.210955160365487;0.32196210127057195;0.3559706776591697;0.3885025852840288;0.7121340931705422;0.4616955186720347;0.07702662146011124;6173177;1980
138;54;NER;Niger;Niamey;Africa;1267000;20.6851;1.0378;0.33;4.210955160365487;0.32196210127057195;0.3559706776591697;0.3885025852840288;0.7121340931705422;0.4616955186720347;0.07702662146011124;8370647;1990
139;54;NER;Niger;Niamey;Africa;1267000;20.6851;1.0378;0.33;4.210955160365487;0.32196210127057195;0.3559706776591697;0.3885025852840288;0.7121340931705422;0.4616955186720347;0.07702662146011124;11622665;2000
140;54;NER;Niger;Niamey;Africa;1267000;20.6851;1.0378;0.33;4.210955160365487;0.32196210127057195;0.3559706776591697;0.3885025852840288;0.7121340931705422;0.4616955186720347;0.07702662146011124;16647543;2010
141;54;NER;Niger;Niamey;Africa;1267000;20.6851;1.0378;0.33;4.210955160365487;0.32196210127057195;0.3559706776591697;0.3885025852840288;0.7121340931705422;0.4616955186720347;0.07702662146011124;20128124;2015
142;54;NER;Niger;Niamey;Africa;1267000;20.6851;1.0378;0.33;4.210955160365487;0.32196210127057195;0.3559706776591697;0.3885025852840288;0.7121340931705422;0.4616955186720347;0.07702662146011124;24333639;2020
143;54;NER;Niger;Niamey;Africa;1267000;20.6851;1.0378;0.33;4.210955160365487;0.32196210127057195;0.3559706776591697;0.3885025852840288;0.7121340931705422;0.4616955186720347;0.07702662146011124;26207977;2022
144;58;BFA;Burkina Faso;Ouagadougou;Africa;272967;83.0641;1.0259;0.28;2.83533624417419;0.2354561016282865;0.3170928117788531;0.30132715156043005;0.5878607961296951;0.335411862557467;0.05348492326168749;5611666;1970
145;58;BFA;Burkina Faso;Ouagadougou;Africa;272967;83.0641;1.0259;0.28;2.83533624417419;0.2354561016282865;0.3170928117788531;0.30132715156043005;0.5878607961296951;0.335411862557467;0.05348492326168749;6932967;1980
146;58;BFA;Burkina Faso;Ouagadougou;Africa;272967;83.0641;1.0259;0.28;2.83533624417419;0.2354561016282865;0.3170928117788531;0.30132715156043005;0.5878607961296951;0.335411862557467;0.05348492326168749;9131361;1990
147;58;BFA;Burkina Faso;Ouagadougou;Africa;272967;83.0641;1.0259;0.28;2.83533624417419;0.2354561016282865;0.3170928117788531;0.30132715156043005;0.5878607961296951;0.335411862557467;0.05348492326168749;11882888;2000
148;58;BFA;Burkina Faso;Ouagadougou;Africa;272967;83.0641;1.0259;0.28;2.83533624417419;0.2354561016282865;0.3170928117788531;0.30132715156043005;0.5878607961296951;0.335411862557467;0.05348492326168749;16116845;2010
149;58;BFA;Burkina Faso;Ouagadougou;Africa;272967;83.0641;1.0259;0.28;2.83533624417419;0.2354561016282865;0.3170928117788531;0.30132715156043005;0.5878607961296951;0.335411862557467;0.05348492326168749;18718019;2015
150;58;BFA;Burkina Faso;Ouagadougou;Africa;272967;83.0641;1.0259;0.28;2.83533624417419;0.2354561016282865;0.3170928117788531;0.30132715156043005;0.5878607961296951;0.335411862557467;0.05348492326168749;21522626;2020
151;58;BFA;Burkina Faso;Ouagadougou;Africa;272967;83.0641;1.0259;0.28;2.83533624417419;0.2354561016282865;0.3170928117788531;0.30132715156043005;0.5878607961296951;0.335411862557467;0.05348492326168749;22673762;2022
152;59;MLI;Mali;Bamako;Africa;1240192;18.2178;1.0314;0.28;2.4490517481917458;0.19809486727009792;0.2132828381268378;0.25646375985939;0.5858257702284195;0.3667198547045076;0.06452824250236995;6153587;1970
153;59;MLI;Mali;Bamako;Africa;1240192;18.2178;1.0314;0.28;2.4490517481917458;0.19809486727009792;0.2132828381268378;0.25646375985939;0.5858257702284195;0.3667198547045076;0.06452824250236995;7372581;1980
154;59;MLI;Mali;Bamako;Africa;1240192;18.2178;1.0314;0.28;2.4490517481917458;0.19809486727009792;0.2132828381268378;0.25646375985939;0.5858257702284195;0.3667198547045076;0.06452824250236995;8945026;1990
155;59;MLI;Mali;Bamako;Africa;1240192;18.2178;1.0314;0.28;2.4490517481917458;0.19809486727009792;0.2132828381268378;0.25646375985939;0.5858257702284195;0.3667198547045076;0.06452824250236995;11239101;2000
156;59;MLI;Mali;Bamako;Africa;1240192;18.2178;1.0314;0.28;2.4490517481917458;0.19809486727009792;0.2132828381268378;0.25646375985939;0.5858257702284195;0.3667198547045076;0.06452824250236995;15529181;2010
157;59;MLI;Mali;Bamako;Africa;1240192;18.2178;1.0314;0.28;2.4490517481917458;0.19809486727009792;0.2132828381268378;0.25646375985939;0.5858257702284195;0.3667198547045076;0.06452824250236995;18112907;2015
158;59;MLI;Mali;Bamako;Africa;1240192;18.2178;1.0314;0.28;2.4490517481917458;0.19809486727009792;0.2132828381268378;0.25646375985939;0.5858257702284195;0.3667198547045076;0.06452824250236995;21224040;2020
159;59;MLI;Mali;Bamako;Africa;1240192;18.2178;1.0314;0.28;2.4490517481917458;0.19809486727009792;0.2132828381268378;0.25646375985939;0.5858257702284195;0.3667198547045076;0.06452824250236995;22593590;2022
160;62;MWI;Malawi;Lilongwe;Africa;118484;172.22;1.0259;0.26;3.189507087459604;0.3550654996247682;0.5221163777017118;0.17712592632969815;0.46117895838837863;0.31651755874372944;0.0530656326054813;4625141;1970
161;62;MWI;Malawi;Lilongwe;Africa;118484;172.22;1.0259;0.26;3.189507087459604;0.3550654996247682;0.5221163777017118;0.17712592632969815;0.46117895838837863;0.31651755874372944;0.0530656326054813;6267369;1980
162;62;MWI;Malawi;Lilongwe;Africa;118484;172.22;1.0259;0.26;3.189507087459604;0.3550654996247682;0.5221163777017118;0.17712592632969815;0.46117895838837863;0.31651755874372944;0.0530656326054813;9539665;1990
163;62;MWI;Malawi;Lilongwe;Africa;118484;172.22;1.0259;0.26;3.189507087459604;0.3550654996247682;0.5221163777017118;0.17712592632969815;0.46117895838837863;0.31651755874372944;0.0530656326054813;11229387;2000
164;62;MWI;Malawi;Lilongwe;Africa;118484;172.22;1.0259;0.26;3.189507087459604;0.3550654996247682;0.5221163777017118;0.17712592632969815;0.46117895838837863;0.31651755874372944;0.0530656326054813;14718422;2010
165;62;MWI;Malawi;Lilongwe;Africa;118484;172.22;1.0259;0.26;3.189507087459604;0.3550654996247682;0.5221163777017118;0.17712592632969815;0.46117895838837863;0.31651755874372944;0.0530656326054813;16938942;2015
166;62;MWI;Malawi;Lilongwe;Africa;118484;172.22;1.0259;0.26;3.189507087459604;0.3550654996247682;0.5221163777017118;0.17712592632969815;0.46117895838837863;0.31651755874372944;0.0530656326054813;19377061;2020
167;62;MWI;Malawi;Lilongwe;Africa;118484;172.22;1.0259;0.26;3.189507087459604;0.3550654996247682;0.5221163777017118;0.17712592632969815;0.46117895838837863;0.31651755874372944;0.0530656326054813;20405317;2022
168;63;ZMB;Zambia;Lusaka;Africa;752612;26.5976;1.028;0.25;3.420637410020527;0.33602932126265656;0.3436735089166249;0.28683580260774844;0.6172885500714984;0.37236056967742226;0.05758539792045685;4281671;1970
169;63;ZMB;Zambia;Lusaka;Africa;752612;26.5976;1.028;0.25;3.420637410020527;0.33602932126265656;0.3436735089166249;0.28683580260774844;0.6172885500714984;0.37236056967742226;0.05758539792045685;5720438;1980
170;63;ZMB;Zambia;Lusaka;Africa;752612;26.5976;1.028;0.25;3.420637410020527;0.33602932126265656;0.3436735089166249;0.28683580260774844;0.6172885500714984;0.37236056967742226;0.05758539792045685;7686401;1990
171;63;ZMB;Zambia;Lusaka;Africa;752612;26.5976;1.028;0.25;3.420637410020527;0.33602932126265656;0.3436735089166249;0.28683580260774844;0.6172885500714984;0.37236056967742226;0.05758539792045685;9891136;2000
172;63;ZMB;Zambia;Lusaka;Africa;752612;26.5976;1.028;0.25;3.420637410020527;0.33602932126265656;0.3436735089166249;0.28683580260774844;0.6172885500714984;0.37236056967742226;0.05758539792045685;13792086;2010
173;63;ZMB;Zambia;Lusaka;Africa;752612;26.5976;1.028;0.25;3.420637410020527;0.33602932126265656;0.3436735089166249;0.28683580260774844;0.6172885500714984;0.37236056967742226;0.05758539792045685;16248230;2015
174;63;ZMB;Zambia;Lusaka;Africa;752612;26.5976;1.028;0.25;3.420637410020527;0.33602932126265656;0.3436735089166249;0.28683580260774844;0.6172885500714984;0.37236056967742226;0.05758539792045685;18927715;2020
175;63;ZMB;Zambia;Lusaka;Africa;752612;26.5976;1.028;0.25;3.420637410020527;0.33602932126265656;0.3436735089166249;0.28683580260774844;0.6172885500714984;0.37236056967742226;0.05758539792045685;20017675;2022
176;69;TCD;Chad;N'Djamena;Africa;1284000;13.8032;1.0316;0.22;3.538563623106762;0.20200611115140615;0.32186138200592984;0.4173741549997091;0.7346600498332937;0.3993344277678672;0.06480224547139657;3667394;1970
177;69;TCD;Chad;N'Djamena;Africa;1284000;13.8032;1.0316;0.22;3.538563623106762;0.20200611115140615;0.32186138200592984;0.4173741549997091;0.7346600498332937;0.3993344277678672;0.06480224547139657;4408230;1980
178;69;TCD;Chad;N'Djamena;Africa;1284000;13.8032;1.0316;0.22;3.538563623106762;0.20200611115140615;0.32186138200592984;0.4173741549997091;0.7346600498332937;0.3993344277678672;0.06480224547139657;5827069;1990
179;69;TCD;Chad;N'Djamena;Africa;1284000;13.8032;1.0316;0.22;3.538563623106762;0.20200611115140615;0.32186138200592984;0.4173741549997091;0.7346600498332937;0.3993344277678672;0.06480224547139657;8259137;2000
180;69;TCD;Chad;N'Djamena;Africa;1284000;13.8032;1.0316;0.22;3.538563623106762;0.20200611115140615;0.32186138200592984;0.4173741549997091;0.7346600498332937;0.3993344277678672;0.06480224547139657;11894727;2010
181;69;TCD;Chad;N'Djamena;Africa;1284000;13.8032;1.0316;0.22;3.538563623106762;0.20200611115140615;0.32186138200592984;0.4173741549997091;0.7346600498332937;0.3993344277678672;0.06480224547139657;14140274;2015
182;69;TCD;Chad;N'Djamena;Africa;1284000;13.8032;1.0316;0.22;3.538563623106762;0.20200611115140615;0.32186138200592984;0.4173741549997091;0.7346600498332937;0.3993344277678672;0.06480224547139657;16644701;2020
183;69;TCD;Chad;N'Djamena;Africa;1284000;13.8032;1.0316;0.22;3.538563623106762;0.20200611115140615;0.32186138200592984;0.4173741549997091;0.7346600498332937;0.3993344277678672;0.06480224547139657;17723315;2022
184;70;SOM;Somalia;Mogadishu;Africa;637657;27.5971;1.0312;0.22;3.4442671911167415;0.5835152971921084;0.1878530076249647;0.24608449434041196;0.5764573956324999;0.37503106642590134;0.06412855862266809;3720977;1970
185;70;SOM;Somalia;Mogadishu;Africa;637657;27.5971;1.0312;0.22;3.4442671911167415;0.5835152971921084;0.1878530076249647;0.24608449434041196;0.5764573956324999;0.37503106642590134;0.06412855862266809;5892224;1980
186;70;SOM;Somalia;Mogadishu;Africa;637657;27.5971;1.0312;0.22;3.4442671911167415;0.5835152971921084;0.1878530076249647;0.24608449434041196;0.5764573956324999;0.37503106642590134;0.06412855862266809;6999096;1990
187;70;SOM;Somalia;Mogadishu;Africa;637657;27.5971;1.0312;0.22;3.4442671911167415;0.5835152971921084;0.1878530076249647;0.24608449434041196;0.5764573956324999;0.37503106642590134;0.06412855862266809;8721465;2000
188;70;SOM;Somalia;Mogadishu;Africa;637657;27.5971;1.0312;0.22;3.4442671911167415;0.5835152971921084;0.1878530076249647;0.24608449434041196;0.5764573956324999;0.37503106642590134;0.06412855862266809;12026649;2010
189;70;SOM;Somalia;Mogadishu;Africa;637657;27.5971;1.0312;0.22;3.4442671911167415;0.5835152971921084;0.1878530076249647;0.24608449434041196;0.5764573956324999;0.37503106642590134;0.06412855862266809;13763906;2015
190;70;SOM;Somalia;Mogadishu;Africa;637657;27.5971;1.0312;0.22;3.4442671911167415;0.5835152971921084;0.1878530076249647;0.24608449434041196;0.5764573956324999;0.37503106642590134;0.06412855862266809;16537016;2020
191;70;SOM;Somalia;Mogadishu;Africa;637657;27.5971;1.0312;0.22;3.4442671911167415;0.5835152971921084;0.1878530076249647;0.24608449434041196;0.5764573956324999;0.37503106642590134;0.06412855862266809;17597511;2022
192;72;SEN;Senegal;Dakar;Africa;196722;88.025;1.0261;0.22;2.7630683025378775;0.3059073517129209;0.32120863925872073;0.2877236879347548;0.5146302865939558;0.3117286736496798;0.05356069763184362;4367744;1970
193;72;SEN;Senegal;Dakar;Africa;196722;88.025;1.0261;0.22;2.7630683025378775;0.3059073517129209;0.32120863925872073;0.2877236879347548;0.5146302865939558;0.3117286736496798;0.05356069763184362;5703869;1980
194;72;SEN;Senegal;Dakar;Africa;196722;88.025;1.0261;0.22;2.7630683025378775;0.3059073517129209;0.32120863925872073;0.2877236879347548;0.5146302865939558;0.3117286736496798;0.05356069763184362;7536001;1990
195;72;SEN;Senegal;Dakar;Africa;196722;88.025;1.0261;0.22;2.7630683025378775;0.3059073517129209;0.32120863925872073;0.2877236879347548;0.5146302865939558;0.3117286736496798;0.05356069763184362;9704287;2000
196;72;SEN;Senegal;Dakar;Africa;196722;88.025;1.0261;0.22;2.7630683025378775;0.3059073517129209;0.32120863925872073;0.2877236879347548;0.5146302865939558;0.3117286736496798;0.05356069763184362;12530121;2010
197;72;SEN;Senegal;Dakar;Africa;196722;88.025;1.0261;0.22;2.7630683025378775;0.3059073517129209;0.32120863925872073;0.2877236879347548;0.5146302865939558;0.3117286736496798;0.05356069763184362;14356181;2015
198;72;SEN;Senegal;Dakar;Africa;196722;88.025;1.0261;0.22;2.7630683025378775;0.3059073517129209;0.32120863925872073;0.2877236879347548;0.5146302865939558;0.3117286736496798;0.05356069763184362;16436119;2020
199;72;SEN;Senegal;Dakar;Africa;196722;88.025;1.0261;0.22;2.7630683025378775;0.3059073517129209;0.32120863925872073;0.2877236879347548;0.5146302865939558;0.3117286736496798;0.05356069763184362;17316449;2022
200;74;ZWE;Zimbabwe;Harare;Africa;390757;41.7665;1.0204;0.2;2.011707276570571;0.3549946395465006;0.43460981008878674;0.17014051859160464;0.23032975300717992;0.2204007376767078;0.041537005319704966;5202918;1970
201;74;ZWE;Zimbabwe;Harare;Africa;390757;41.7665;1.0204;0.2;2.011707276570571;0.3549946395465006;0.43460981008878674;0.17014051859160464;0.23032975300717992;0.2204007376767078;0.041537005319704966;7049926;1980
202;74;ZWE;Zimbabwe;Harare;Africa;390757;41.7665;1.0204;0.2;2.011707276570571;0.3549946395465006;0.43460981008878674;0.17014051859160464;0.23032975300717992;0.2204007376767078;0.041537005319704966;10113893;1990
203;74;ZWE;Zimbabwe;Harare;Africa;390757;41.7665;1.0204;0.2;2.011707276570571;0.3549946395465006;0.43460981008878674;0.17014051859160464;0.23032975300717992;0.2204007376767078;0.041537005319704966;11834676;2000
204;74;ZWE;Zimbabwe;Harare;Africa;390757;41.7665;1.0204;0.2;2.011707276570571;0.3549946395465006;0.43460981008878674;0.17014051859160464;0.23032975300717992;0.2204007376767078;0.041537005319704966;12839771;2010
205;74;ZWE;Zimbabwe;Harare;Africa;390757;41.7665;1.0204;0.2;2.011707276570571;0.3549946395465006;0.43460981008878674;0.17014051859160464;0.23032975300717992;0.2204007376767078;0.041537005319704966;14154937;2015
206;74;ZWE;Zimbabwe;Harare;Africa;390757;41.7665;1.0204;0.2;2.011707276570571;0.3549946395465006;0.43460981008878674;0.17014051859160464;0.23032975300717992;0.2204007376767078;0.041537005319704966;15669666;2020
207;74;ZWE;Zimbabwe;Harare;Africa;390757;41.7665;1.0204;0.2;2.011707276570571;0.3549946395465006;0.43460981008878674;0.17014051859160464;0.23032975300717992;0.2204007376767078;0.041537005319704966;16320537;2022
208;75;GIN;Guinea;Conakry;Africa;245857;56.3716;1.0242;0.17;2.1274238141860478;0.17768084968314032;0.2778292039450518;0.3120517394551116;0.46978511489849967;0.2857075954109582;0.0495403574649987;4222374;1970
209;75;GIN;Guinea;Conakry;Africa;245857;56.3716;1.0242;0.17;2.1274238141860478;0.17768084968314032;0.2778292039450518;0.3120517394551116;0.46978511489849967;0.2857075954109582;0.0495403574649987;4972609;1980
210;75;GIN;Guinea;Conakry;Africa;245857;56.3716;1.0242;0.17;2.1274238141860478;0.17768084968314032;0.2778292039450518;0.3120517394551116;0.46978511489849967;0.2857075954109582;0.0495403574649987;6354145;1990
211;75;GIN;Guinea;Conakry;Africa;245857;56.3716;1.0242;0.17;2.1274238141860478;0.17768084968314032;0.2778292039450518;0.3120517394551116;0.46978511489849967;0.2857075954109582;0.0495403574649987;8336967;2000
212;75;GIN;Guinea;Conakry;Africa;245857;56.3716;1.0242;0.17;2.1274238141860478;0.17768084968314032;0.2778292039450518;0.3120517394551116;0.46978511489849967;0.2857075954109582;0.0495403574649987;10270728;2010
213;75;GIN;Guinea;Conakry;Africa;245857;56.3716;1.0242;0.17;2.1274238141860478;0.17768084968314032;0.2778292039450518;0.3120517394551116;0.46978511489849967;0.2857075954109582;0.0495403574649987;11625998;2015
214;75;GIN;Guinea;Conakry;Africa;245857;56.3716;1.0242;0.17;2.1274238141860478;0.17768084968314032;0.2778292039450518;0.3120517394551116;0.46978511489849967;0.2857075954109582;0.0495403574649987;13205153;2020
215;75;GIN;Guinea;Conakry;Africa;245857;56.3716;1.0242;0.17;2.1274238141860478;0.17768084968314032;0.2778292039450518;0.3120517394551116;0.46978511489849967;0.2857075954109582;0.0495403574649987;13859341;2022
216;76;RWA;Rwanda;Kigali;Africa;26338;523.0731;1.0234;0.17;2.3740050667711743;0.3467755989104722;0.3949342281285755;0.10792774607299874;0.3685663445412811;0.27522771053845896;0.047947561462250925;3896367;1970
217;76;RWA;Rwanda;Kigali;Africa;26338;523.0731;1.0234;0.17;2.3740050667711743;0.3467755989104722;0.3949342281285755;0.10792774607299874;0.3685663445412811;0.27522771053845896;0.047947561462250925;5247532;1980
218;76;RWA;Rwanda;Kigali;Africa;26338;523.0731;1.0234;0.17;2.3740050667711743;0.3467755989104722;0.3949342281285755;0.10792774607299874;0.3685663445412811;0.27522771053845896;0.047947561462250925;7319962;1990
219;76;RWA;Rwanda;Kigali;Africa;26338;523.0731;1.0234;0.17;2.3740050667711743;0.3467755989104722;0.3949342281285755;0.10792774607299874;0.3685663445412811;0.27522771053845896;0.047947561462250925;8109989;2000
220;76;RWA;Rwanda;Kigali;Africa;26338;523.0731;1.0234;0.17;2.3740050667711743;0.3467755989104722;0.3949342281285755;0.10792774607299874;0.3685663445412811;0.27522771053845896;0.047947561462250925;10309031;2010
221;76;RWA;Rwanda;Kigali;Africa;26338;523.0731;1.0234;0.17;2.3740050667711743;0.3467755989104722;0.3949342281285755;0.10792774607299874;0.3685663445412811;0.27522771053845896;0.047947561462250925;11642959;2015
222;76;RWA;Rwanda;Kigali;Africa;26338;523.0731;1.0234;0.17;2.3740050667711743;0.3467755989104722;0.3949342281285755;0.10792774607299874;0.3685663445412811;0.27522771053845896;0.047947561462250925;13146362;2020
223;76;RWA;Rwanda;Kigali;Africa;26338;523.0731;1.0234;0.17;2.3740050667711743;0.3467755989104722;0.3949342281285755;0.10792774607299874;0.3685663445412811;0.27522771053845896;0.047947561462250925;13776698;2022
224;77;BEN;Benin;Porto-Novo;Africa;112622;118.5635;1.0274;0.17;3.1816971578428963;0.2680705407709026;0.33894122989437236;0.363228483784394;0.616215608322522;0.33850425219491176;0.056136525761870705;3023443;1970
225;77;BEN;Benin;Porto-Novo;Africa;112622;118.5635;1.0274;0.17;3.1816971578428963;0.2680705407709026;0.33894122989437236;0.363228483784394;0.616215608322522;0.33850425219491176;0.056136525761870705;3833939;1980
226;77;BEN;Benin;Porto-Novo;Africa;112622;118.5635;1.0274;0.17;3.1816971578428963;0.2680705407709026;0.33894122989437236;0.363228483784394;0.616215608322522;0.33850425219491176;0.056136525761870705;5133419;1990
227;77;BEN;Benin;Porto-Novo;Africa;112622;118.5635;1.0274;0.17;3.1816971578428963;0.2680705407709026;0.33894122989437236;0.363228483784394;0.616215608322522;0.33850425219491176;0.056136525761870705;6998023;2000
228;77;BEN;Benin;Porto-Novo;Africa;112622;118.5635;1.0274;0.17;3.1816971578428963;0.2680705407709026;0.33894122989437236;0.363228483784394;0.616215608322522;0.33850425219491176;0.056136525761870705;9445710;2010
229;77;BEN;Benin;Porto-Novo;Africa;112622;118.5635;1.0274;0.17;3.1816971578428963;0.2680705407709026;0.33894122989437236;0.363228483784394;0.616215608322522;0.33850425219491176;0.056136525761870705;10932783;2015
230;77;BEN;Benin;Porto-Novo;Africa;112622;118.5635;1.0274;0.17;3.1816971578428963;0.2680705407709026;0.33894122989437236;0.363228483784394;0.616215608322522;0.33850425219491176;0.056136525761870705;12643123;2020
231;77;BEN;Benin;Porto-Novo;Africa;112622;118.5635;1.0274;0.17;3.1816971578428963;0.2680705407709026;0.33894122989437236;0.363228483784394;0.616215608322522;0.33850425219491176;0.056136525761870705;13352864;2022
232;78;BDI;Burundi;Bujumbura;Africa;27834;463.0874;1.027;0.16;2.493655502233668;0.23300133739908754;0.2715056967182136;0.15023652424517117;0.5775220252077673;0.33896744736953116;0.0547738597654528;3497834;1970
233;78;BDI;Burundi;Bujumbura;Africa;27834;463.0874;1.027;0.16;2.493655502233668;0.23300133739908754;0.2715056967182136;0.15023652424517117;0.5775220252077673;0.33896744736953116;0.0547738597654528;4312834;1980
234;78;BDI;Burundi;Bujumbura;Africa;27834;463.0874;1.027;0.16;2.493655502233668;0.23300133739908754;0.2715056967182136;0.15023652424517117;0.5775220252077673;0.33896744736953116;0.0547738597654528;5483793;1990
235;78;BDI;Burundi;Bujumbura;Africa;27834;463.0874;1.027;0.16;2.493655502233668;0.23300133739908754;0.2715056967182136;0.15023652424517117;0.5775220252077673;0.33896744736953116;0.0547738597654528;6307659;2000
236;78;BDI;Burundi;Bujumbura;Africa;27834;463.0874;1.027;0.16;2.493655502233668;0.23300133739908754;0.2715056967182136;0.15023652424517117;0.5775220252077673;0.33896744736953116;0.0547738597654528;9126605;2010
237;78;BDI;Burundi;Bujumbura;Africa;27834;463.0874;1.027;0.16;2.493655502233668;0.23300133739908754;0.2715056967182136;0.15023652424517117;0.5775220252077673;0.33896744736953116;0.0547738597654528;10727148;2015
238;78;BDI;Burundi;Bujumbura;Africa;27834;463.0874;1.027;0.16;2.493655502233668;0.23300133739908754;0.2715056967182136;0.15023652424517117;0.5775220252077673;0.33896744736953116;0.0547738597654528;12220227;2020
239;78;BDI;Burundi;Bujumbura;Africa;27834;463.0874;1.027;0.16;2.493655502233668;0.23300133739908754;0.2715056967182136;0.15023652424517117;0.5775220252077673;0.33896744736953116;0.0547738597654528;12889576;2022
240;79;TUN;Tunisia;Tunis;Africa;163610;75.5218;1.0076;0.15;1.409500606648487;0.3032751093433377;0.2830378300545016;0.17219064450416782;0.24815137816279192;0.11625999776228921;0.015984083834173827;5047404;1970
241;79;TUN;Tunisia;Tunis;Africa;163610;75.5218;1.0076;0.15;1.409500606648487;0.3032751093433377;0.2830378300545016;0.17219064450416782;0.24815137816279192;0.11625999776228921;0.015984083834173827;6578156;1980
242;79;TUN;Tunisia;Tunis;Africa;163610;75.5218;1.0076;0.15;1.409500606648487;0.3032751093433377;0.2830378300545016;0.17219064450416782;0.24815137816279192;0.11625999776228921;0.015984083834173827;8440023;1990
243;79;TUN;Tunisia;Tunis;Africa;163610;75.5218;1.0076;0.15;1.409500606648487;0.3032751093433377;0.2830378300545016;0.17219064450416782;0.24815137816279192;0.11625999776228921;0.015984083834173827;9893316;2000
244;79;TUN;Tunisia;Tunis;Africa;163610;75.5218;1.0076;0.15;1.409500606648487;0.3032751093433377;0.2830378300545016;0.17219064450416782;0.24815137816279192;0.11625999776228921;0.015984083834173827;10895063;2010
245;79;TUN;Tunisia;Tunis;Africa;163610;75.5218;1.0076;0.15;1.409500606648487;0.3032751093433377;0.2830378300545016;0.17219064450416782;0.24815137816279192;0.11625999776228921;0.015984083834173827;11557779;2015
246;79;TUN;Tunisia;Tunis;Africa;163610;75.5218;1.0076;0.15;1.409500606648487;0.3032751093433377;0.2830378300545016;0.17219064450416782;0.24815137816279192;0.11625999776228921;0.015984083834173827;12161723;2020
247;79;TUN;Tunisia;Tunis;Africa;163610;75.5218;1.0076;0.15;1.409500606648487;0.3032751093433377;0.2830378300545016;0.17219064450416782;0.24815137816279192;0.11625999776228921;0.015984083834173827;12356117;2022
248;86;SSD;South Sudan;Juba;Africa;619745;17.6091;1.0153;0.14;2.17322740178494;0.25418814567931525;0.13330260822311774;0.28702915730073375;0.8117835811619707;0.09180250512151061;0.02893932026912115;3342410;1970
249;86;SSD;South Sudan;Juba;Africa;619745;17.6091;1.0153;0.14;2.17322740178494;0.25418814567931525;0.13330260822311774;0.28702915730073375;0.8117835811619707;0.09180250512151061;0.02893932026912115;4192011;1980
250;86;SSD;South Sudan;Juba;Africa;619745;17.6091;1.0153;0.14;2.17322740178494;0.25418814567931525;0.13330260822311774;0.28702915730073375;0.8117835811619707;0.09180250512151061;0.02893932026912115;4750817;1990
251;86;SSD;South Sudan;Juba;Africa;619745;17.6091;1.0153;0.14;2.17322740178494;0.25418814567931525;0.13330260822311774;0.28702915730073375;0.8117835811619707;0.09180250512151061;0.02893932026912115;6114440;2000
252;86;SSD;South Sudan;Juba;Africa;619745;17.6091;1.0153;0.14;2.17322740178494;0.25418814567931525;0.13330260822311774;0.28702915730073375;0.8117835811619707;0.09180250512151061;0.02893932026912115;9714419;2010
253;86;SSD;South Sudan;Juba;Africa;619745;17.6091;1.0153;0.14;2.17322740178494;0.25418814567931525;0.13330260822311774;0.28702915730073375;0.8117835811619707;0.09180250512151061;0.02893932026912115;11194299;2015
254;86;SSD;South Sudan;Juba;Africa;619745;17.6091;1.0153;0.14;2.17322740178494;0.25418814567931525;0.13330260822311774;0.28702915730073375;0.8117835811619707;0.09180250512151061;0.02893932026912115;10606227;2020
255;86;SSD;South Sudan;Juba;Africa;619745;17.6091;1.0153;0.14;2.17322740178494;0.25418814567931525;0.13330260822311774;0.28702915730073375;0.8117835811619707;0.09180250512151061;0.02893932026912115;10913164;2022
256;100;TGO;Togo;Lomé;Africa;56785;155.8281;1.0236;0.11;2.842106724226045;0.29158640073214365;0.36567892012642217;0.2920803612639698;0.5383165253437726;0.2846570717095858;0.04810366025551431;2197383;1970
257;100;TGO;Togo;Lomé;Africa;56785;155.8281;1.0236;0.11;2.842106724226045;0.29158640073214365;0.36567892012642217;0.2920803612639698;0.5383165253437726;0.2846570717095858;0.04810366025551431;2838110;1980
258;100;TGO;Togo;Lomé;Africa;56785;155.8281;1.0236;0.11;2.842106724226045;0.29158640073214365;0.36567892012642217;0.2920803612639698;0.5383165253437726;0.2846570717095858;0.04810366025551431;3875947;1990
259;100;TGO;Togo;Lomé;Africa;56785;155.8281;1.0236;0.11;2.842106724226045;0.29158640073214365;0.36567892012642217;0.2920803612639698;0.5383165253437726;0.2846570717095858;0.04810366025551431;5008035;2000
260;100;TGO;Togo;Lomé;Africa;56785;155.8281;1.0236;0.11;2.842106724226045;0.29158640073214365;0.36567892012642217;0.2920803612639698;0.5383165253437726;0.2846570717095858;0.04810366025551431;6571855;2010
261;100;TGO;Togo;Lomé;Africa;56785;155.8281;1.0236;0.11;2.842106724226045;0.29158640073214365;0.36567892012642217;0.2920803612639698;0.5383165253437726;0.2846570717095858;0.04810366025551431;7473229;2015
262;100;TGO;Togo;Lomé;Africa;56785;155.8281;1.0236;0.11;2.842106724226045;0.29158640073214365;0.36567892012642217;0.2920803612639698;0.5383165253437726;0.2846570717095858;0.04810366025551431;8442580;2020
263;100;TGO;Togo;Lomé;Africa;56785;155.8281;1.0236;0.11;2.842106724226045;0.29158640073214365;0.36567892012642217;0.2920803612639698;0.5383165253437726;0.2846570717095858;0.04810366025551431;8848699;2022
264;102;SLE;Sierra Leone;Freetown;Africa;71740;119.957;1.022;0.11;1.9633975477199137;0.21195174329697034;0.2844595523592292;0.059804808262287686;0.4605757289324087;0.2792225144010174;0.045148214670227685;2778557;1970
265;102;SLE;Sierra Leone;Freetown;Africa;71740;119.957;1.022;0.11;1.9633975477199137;0.21195174329697034;0.2844595523592292;0.059804808262287686;0.4605757289324087;0.2792225144010174;0.045148214670227685;3367477;1980
266;102;SLE;Sierra Leone;Freetown;Africa;71740;119.957;1.022;0.11;1.9633975477199137;0.21195174329697034;0.2844595523592292;0.059804808262287686;0.4605757289324087;0.2792225144010174;0.045148214670227685;4325388;1990
267;102;SLE;Sierra Leone;Freetown;Africa;71740;119.957;1.022;0.11;1.9633975477199137;0.21195174329697034;0.2844595523592292;0.059804808262287686;0.4605757289324087;0.2792225144010174;0.045148214670227685;4584067;2000
268;102;SLE;Sierra Leone;Freetown;Africa;71740;119.957;1.022;0.11;1.9633975477199137;0.21195174329697034;0.2844595523592292;0.059804808262287686;0.4605757289324087;0.2792225144010174;0.045148214670227685;6436698;2010
269;102;SLE;Sierra Leone;Freetown;Africa;71740;119.957;1.022;0.11;1.9633975477199137;0.21195174329697034;0.2844595523592292;0.059804808262287686;0.4605757289324087;0.2792225144010174;0.045148214670227685;7314773;2015
270;102;SLE;Sierra Leone;Freetown;Africa;71740;119.957;1.022;0.11;1.9633975477199137;0.21195174329697034;0.2844595523592292;0.059804808262287686;0.4605757289324087;0.2792225144010174;0.045148214670227685;8233969;2020
271;102;SLE;Sierra Leone;Freetown;Africa;71740;119.957;1.022;0.11;1.9633975477199137;0.21195174329697034;0.2844595523592292;0.059804808262287686;0.4605757289324087;0.2792225144010174;0.045148214670227685;8605718;2022
272;107;LBY;Libya;Tripoli;Africa;1759540;3.8717;1.0114;0.09;2.4852410227024526;0.5518309721937777;0.43009903062051086;0.21661805109909574;0.43745816997394654;0.02494674974753496;0.02380528715158623;1909177;1970
273;107;LBY;Libya;Tripoli;Africa;1759540;3.8717;1.0114;0.09;2.4852410227024526;0.5518309721937777;0.43009903062051086;0.21661805109909574;0.43745816997394654;0.02494674974753496;0.02380528715158623;2962720;1980
274;107;LBY;Libya;Tripoli;Africa;1759540;3.8717;1.0114;0.09;2.4852410227024526;0.5518309721937777;0.43009903062051086;0.21661805109909574;0.43745816997394654;0.02494674974753496;0.02380528715158623;4236983;1990
275;107;LBY;Libya;Tripoli;Africa;1759540;3.8717;1.0114;0.09;2.4852410227024526;0.5518309721937777;0.43009903062051086;0.21661805109909574;0.43745816997394654;0.02494674974753496;0.02380528715158623;5154790;2000
276;107;LBY;Libya;Tripoli;Africa;1759540;3.8717;1.0114;0.09;2.4852410227024526;0.5518309721937777;0.43009903062051086;0.21661805109909574;0.43745816997394654;0.02494674974753496;0.02380528715158623;6491988;2010
277;107;LBY;Libya;Tripoli;Africa;1759540;3.8717;1.0114;0.09;2.4852410227024526;0.5518309721937777;0.43009903062051086;0.21661805109909574;0.43745816997394654;0.02494674974753496;0.02380528715158623;6192235;2015
278;107;LBY;Libya;Tripoli;Africa;1759540;3.8717;1.0114;0.09;2.4852410227024526;0.5518309721937777;0.43009903062051086;0.21661805109909574;0.43745816997394654;0.02494674974753496;0.02380528715158623;6653942;2020
279;107;LBY;Libya;Tripoli;Africa;1759540;3.8717;1.0114;0.09;2.4852410227024526;0.5518309721937777;0.43009903062051086;0.21661805109909574;0.43745816997394654;0.02494674974753496;0.02380528715158623;6812341;2022
280;114;COG;Republic of the Congo;Brazzaville;Africa;342000;17.4574;1.0231;0.07;3.081760128390417;0.3094276332884511;0.30404656319290463;0.31381907283158;0.6548913060819456;0.28488576988492714;0.04704346096769407;1396989;1970
281;114;COG;Republic of the Congo;Brazzaville;Africa;342000;17.4574;1.0231;0.07;3.081760128390417;0.3094276332884511;0.30404656319290463;0.31381907283158;0.6548913060819456;0.28488576988492714;0.04704346096769407;1829256;1980
282;114;COG;Republic of the Congo;Brazzaville;Africa;342000;17.4574;1.0231;0.07;3.081760128390417;0.3094276332884511;0.30404656319290463;0.31381907283158;0.6548913060819456;0.28488576988492714;0.04704346096769407;2385435;1990
283;114;COG;Republic of the Congo;Brazzaville;Africa;342000;17.4574;1.0231;0.07;3.081760128390417;0.3094276332884511;0.30404656319290463;0.31381907283158;0.6548913060819456;0.28488576988492714;0.04704346096769407;3134030;2000
284;114;COG;Republic of the Congo;Brazzaville;Africa;342000;17.4574;1.0231;0.07;3.081760128390417;0.3094276332884511;0.30404656319290463;0.31381907283158;0.6548913060819456;0.28488576988492714;0.04704346096769407;4437884;2010
285;114;COG;Republic of the Congo;Brazzaville;Africa;342000;17.4574;1.0231;0.07;3.081760128390417;0.3094276332884511;0.30404656319290463;0.31381907283158;0.6548913060819456;0.28488576988492714;0.04704346096769407;5064386;2015
286;114;COG;Republic of the Congo;Brazzaville;Africa;342000;17.4574;1.0231;0.07;3.081760128390417;0.3094276332884511;0.30404656319290463;0.31381907283158;0.6548913060819456;0.28488576988492714;0.04704346096769407;5702174;2020
287;114;COG;Republic of the Congo;Brazzaville;Africa;342000;17.4574;1.0231;0.07;3.081760128390417;0.3094276332884511;0.30404656319290463;0.31381907283158;0.6548913060819456;0.28488576988492714;0.04704346096769407;5970424;2022
288;117;CAF;Central African Republic;Bangui;Africa;622984;8.9555;1.0224;0.07;1.5844702121937393;0.1682922534870627;0.1631055829644314;0.3381538867892558;0.4923549613345499;0.14655433065661932;0.044192984491916554;2067356;1970
289;117;CAF;Central African Republic;Bangui;Africa;622984;8.9555;1.0224;0.07;1.5844702121937393;0.1682922534870627;0.1631055829644314;0.3381538867892558;0.4923549613345499;0.14655433065661932;0.044192984491916554;2415276;1980
290;117;CAF;Central African Republic;Bangui;Africa;622984;8.9555;1.0224;0.07;1.5844702121937393;0.1682922534870627;0.1631055829644314;0.3381538867892558;0.4923549613345499;0.14655433065661932;0.044192984491916554;2809221;1990
291;117;CAF;Central African Republic;Bangui;Africa;622984;8.9555;1.0224;0.07;1.5844702121937393;0.1682922534870627;0.1631055829644314;0.3381538867892558;0.4923549613345499;0.14655433065661932;0.044192984491916554;3759170;2000
292;117;CAF;Central African Republic;Bangui;Africa;622984;8.9555;1.0224;0.07;1.5844702121937393;0.1682922534870627;0.1631055829644314;0.3381538867892558;0.4923549613345499;0.14655433065661932;0.044192984491916554;4660067;2010
293;117;CAF;Central African Republic;Bangui;Africa;622984;8.9555;1.0224;0.07;1.5844702121937393;0.1682922534870627;0.1631055829644314;0.3381538867892558;0.4923549613345499;0.14655433065661932;0.044192984491916554;4819333;2015
294;117;CAF;Central African Republic;Bangui;Africa;622984;8.9555;1.0224;0.07;1.5844702121937393;0.1682922534870627;0.1631055829644314;0.3381538867892558;0.4923549613345499;0.14655433065661932;0.044192984491916554;5343020;2020
295;117;CAF;Central African Republic;Bangui;Africa;622984;8.9555;1.0224;0.07;1.5844702121937393;0.1682922534870627;0.1631055829644314;0.3381538867892558;0.4923549613345499;0.14655433065661932;0.044192984491916554;5579144;2022
296;121;LBR;Liberia;Monrovia;Africa;111369;47.6136;1.021;0.07;2.4761633083099257;0.32018163891817436;0.1436530655444736;0.31021558732714527;0.6252452314570479;0.26558201134539783;0.042278810531678694;1463563;1970
297;121;LBR;Liberia;Monrovia;Africa;111369;47.6136;1.021;0.07;2.4761633083099257;0.32018163891817436;0.1436530655444736;0.31021558732714527;0.6252452314570479;0.26558201134539783;0.042278810531678694;1932169;1980
298;121;LBR;Liberia;Monrovia;Africa;111369;47.6136;1.021;0.07;2.4761633083099257;0.32018163891817436;0.1436530655444736;0.31021558732714527;0.6252452314570479;0.26558201134539783;0.042278810531678694;2209731;1990
299;121;LBR;Liberia;Monrovia;Africa;111369;47.6136;1.021;0.07;2.4761633083099257;0.32018163891817436;0.1436530655444736;0.31021558732714527;0.6252452314570479;0.26558201134539783;0.042278810531678694;2895224;2000
300;121;LBR;Liberia;Monrovia;Africa;111369;47.6136;1.021;0.07;2.4761633083099257;0.32018163891817436;0.1436530655444736;0.31021558732714527;0.6252452314570479;0.26558201134539783;0.042278810531678694;4019956;2010
301;121;LBR;Liberia;Monrovia;Africa;111369;47.6136;1.021;0.07;2.4761633083099257;0.32018163891817436;0.1436530655444736;0.31021558732714527;0.6252452314570479;0.26558201134539783;0.042278810531678694;4612329;2015
302;121;LBR;Liberia;Monrovia;Africa;111369;47.6136;1.021;0.07;2.4761633083099257;0.32018163891817436;0.1436530655444736;0.31021558732714527;0.6252452314570479;0.26558201134539783;0.042278810531678694;5087584;2020
303;121;LBR;Liberia;Monrovia;Africa;111369;47.6136;1.021;0.07;2.4761633083099257;0.32018163891817436;0.1436530655444736;0.31021558732714527;0.6252452314570479;0.26558201134539783;0.042278810531678694;5302681;2022
304;126;MRT;Mauritania;Nouakchott;Africa;1030700;4.5951;1.0263;0.06;3.0087435550589112;0.3426275933480544;0.33140969566481315;0.34345300437132703;0.524464722302721;0.3155886263946277;0.05280193588944482;1122198;1970
305;126;MRT;Mauritania;Nouakchott;Africa;1030700;4.5951;1.0263;0.06;3.0087435550589112;0.3426275933480544;0.33140969566481315;0.34345300437132703;0.524464722302721;0.3155886263946277;0.05280193588944482;1506694;1980
306;126;MRT;Mauritania;Nouakchott;Africa;1030700;4.5951;1.0263;0.06;3.0087435550589112;0.3426275933480544;0.33140969566481315;0.34345300437132703;0.524464722302721;0.3155886263946277;0.05280193588944482;2006027;1990
307;126;MRT;Mauritania;Nouakchott;Africa;1030700;4.5951;1.0263;0.06;3.0087435550589112;0.3426275933480544;0.33140969566481315;0.34345300437132703;0.524464722302721;0.3155886263946277;0.05280193588944482;2695003;2000
308;126;MRT;Mauritania;Nouakchott;Africa;1030700;4.5951;1.0263;0.06;3.0087435550589112;0.3426275933480544;0.33140969566481315;0.34345300437132703;0.524464722302721;0.3155886263946277;0.05280193588944482;3419461;2010
309;126;MRT;Mauritania;Nouakchott;Africa;1030700;4.5951;1.0263;0.06;3.0087435550589112;0.3426275933480544;0.33140969566481315;0.34345300437132703;0.524464722302721;0.3155886263946277;0.05280193588944482;3946220;2015
310;126;MRT;Mauritania;Nouakchott;Africa;1030700;4.5951;1.0263;0.06;3.0087435550589112;0.3426275933480544;0.33140969566481315;0.34345300437132703;0.524464722302721;0.3155886263946277;0.05280193588944482;4498604;2020
311;126;MRT;Mauritania;Nouakchott;Africa;1030700;4.5951;1.0263;0.06;3.0087435550589112;0.3426275933480544;0.33140969566481315;0.34345300437132703;0.524464722302721;0.3155886263946277;0.05280193588944482;4736139;2022
312;132;ERI;Eritrea;Asmara;Africa;117600;31.3268;1.0176;0.05;1.7938507858586303;0.3026789278003187;0.29673301640186683;0.11298814861671845;0.4169732707030858;0.12966213397794663;0.036042957725089905;1272748;1970
313;132;ERI;Eritrea;Asmara;Africa;117600;31.3268;1.0176;0.05;1.7938507858586303;0.3026789278003187;0.29673301640186683;0.11298814861671845;0.4169732707030858;0.12966213397794663;0.036042957725089905;1657982;1980
314;132;ERI;Eritrea;Asmara;Africa;117600;31.3268;1.0176;0.05;1.7938507858586303;0.3026789278003187;0.29673301640186683;0.11298814861671845;0.4169732707030858;0.12966213397794663;0.036042957725089905;2149960;1990
315;132;ERI;Eritrea;Asmara;Africa;117600;31.3268;1.0176;0.05;1.7938507858586303;0.3026789278003187;0.29673301640186683;0.11298814861671845;0.4169732707030858;0.12966213397794663;0.036042957725089905;2392880;2000
316;132;ERI;Eritrea;Asmara;Africa;117600;31.3268;1.0176;0.05;1.7938507858586303;0.3026789278003187;0.29673301640186683;0.11298814861671845;0.4169732707030858;0.12966213397794663;0.036042957725089905;3147727;2010
317;132;ERI;Eritrea;Asmara;Africa;117600;31.3268;1.0176;0.05;1.7938507858586303;0.3026789278003187;0.29673301640186683;0.11298814861671845;0.4169732707030858;0.12966213397794663;0.036042957725089905;3340006;2015
318;132;ERI;Eritrea;Asmara;Africa;117600;31.3268;1.0176;0.05;1.7938507858586303;0.3026789278003187;0.29673301640186683;0.11298814861671845;0.4169732707030858;0.12966213397794663;0.036042957725089905;3555868;2020
319;132;ERI;Eritrea;Asmara;Africa;117600;31.3268;1.0176;0.05;1.7938507858586303;0.3026789278003187;0.29673301640186683;0.11298814861671845;0.4169732707030858;0.12966213397794663;0.036042957725089905;3684032;2022
320;142;GMB;Gambia;Banjul;Africa;10689;253.1567;1.025;0.03;3.8682505848909936;0.35907673278094154;0.4481439938991297;0.38143080636853555;0.6237458601123169;0.3286678452981637;0.051280985394299525;528731;1970
321;142;GMB;Gambia;Banjul;Africa;10689;253.1567;1.025;0.03;3.8682505848909936;0.35907673278094154;0.4481439938991297;0.38143080636853555;0.6237458601123169;0.3286678452981637;0.051280985394299525;718586;1980
322;142;GMB;Gambia;Banjul;Africa;10689;253.1567;1.025;0.03;3.8682505848909936;0.35907673278094154;0.4481439938991297;0.38143080636853555;0.6237458601123169;0.3286678452981637;0.051280985394299525;1040616;1990
323;142;GMB;Gambia;Banjul;Africa;10689;253.1567;1.025;0.03;3.8682505848909936;0.35907673278094154;0.4481439938991297;0.38143080636853555;0.6237458601123169;0.3286678452981637;0.051280985394299525;1437539;2000
324;142;GMB;Gambia;Banjul;Africa;10689;253.1567;1.025;0.03;3.8682505848909936;0.35907673278094154;0.4481439938991297;0.38143080636853555;0.6237458601123169;0.3286678452981637;0.051280985394299525;1937275;2010
325;142;GMB;Gambia;Banjul;Africa;10689;253.1567;1.025;0.03;3.8682505848909936;0.35907673278094154;0.4481439938991297;0.38143080636853555;0.6237458601123169;0.3286678452981637;0.051280985394299525;2253133;2015
326;142;GMB;Gambia;Banjul;Africa;10689;253.1567;1.025;0.03;3.8682505848909936;0.35907673278094154;0.4481439938991297;0.38143080636853555;0.6237458601123169;0.3286678452981637;0.051280985394299525;2573995;2020
327;142;GMB;Gambia;Banjul;Africa;10689;253.1567;1.025;0.03;3.8682505848909936;0.35907673278094154;0.4481439938991297;0.38143080636853555;0.6237458601123169;0.3286678452981637;0.051280985394299525;2705992;2022
328;144;BWA;Botswana;Gaborone;Africa;582000;4.5194;1.0162;0.03;3.2995826044670777;0.5847826233782022;0.4292621391083107;0.28737865959384973;0.43439288702565454;0.21740489868353616;0.03294609413596125;592244;1970
329;144;BWA;Botswana;Gaborone;Africa;582000;4.5194;1.0162;0.03;3.2995826044670777;0.5847826233782022;0.4292621391083107;0.28737865959384973;0.43439288702565454;0.21740489868353616;0.03294609413596125;938578;1980
330;144;BWA;Botswana;Gaborone;Africa;582000;4.5194;1.0162;0.03;3.2995826044670777;0.5847826233782022;0.4292621391083107;0.28737865959384973;0.43439288702565454;0.21740489868353616;0.03294609413596125;1341474;1990
331;144;BWA;Botswana;Gaborone;Africa;582000;4.5194;1.0162;0.03;3.2995826044670777;0.5847826233782022;0.4292621391083107;0.28737865959384973;0.43439288702565454;0.21740489868353616;0.03294609413596125;1726985;2000
332;144;BWA;Botswana;Gaborone;Africa;582000;4.5194;1.0162;0.03;3.2995826044670777;0.5847826233782022;0.4292621391083107;0.28737865959384973;0.43439288702565454;0.21740489868353616;0.03294609413596125;2091664;2010
333;144;BWA;Botswana;Gaborone;Africa;582000;4.5194;1.0162;0.03;3.2995826044670777;0.5847826233782022;0.4292621391083107;0.28737865959384973;0.43439288702565454;0.21740489868353616;0.03294609413596125;2305171;2015
334;144;BWA;Botswana;Gaborone;Africa;582000;4.5194;1.0162;0.03;3.2995826044670777;0.5847826233782022;0.4292621391083107;0.28737865959384973;0.43439288702565454;0.21740489868353616;0.03294609413596125;2546402;2020
335;144;BWA;Botswana;Gaborone;Africa;582000;4.5194;1.0162;0.03;3.2995826044670777;0.5847826233782022;0.4292621391083107;0.28737865959384973;0.43439288702565454;0.21740489868353616;0.03294609413596125;2630296;2022
336;145;NAM;Namibia;Windhoek;Africa;825615;3.1092;1.0146;0.03;2.2991476101671777;0.2936205294598703;0.4026838279743523;0.32879940336491087;0.4014312249572738;0.1856963679296289;0.031302102207305615;754467;1970
337;145;NAM;Namibia;Windhoek;Africa;825615;3.1092;1.0146;0.03;2.2991476101671777;0.2936205294598703;0.4026838279743523;0.32879940336491087;0.4014312249572738;0.1856963679296289;0.031302102207305615;975994;1980
338;145;NAM;Namibia;Windhoek;Africa;825615;3.1092;1.0146;0.03;2.2991476101671777;0.2936205294598703;0.4026838279743523;0.32879940336491087;0.4014312249572738;0.1856963679296289;0.031302102207305615;1369011;1990
339;145;NAM;Namibia;Windhoek;Africa;825615;3.1092;1.0146;0.03;2.2991476101671777;0.2936205294598703;0.4026838279743523;0.32879940336491087;0.4014312249572738;0.1856963679296289;0.031302102207305615;1819141;2000
340;145;NAM;Namibia;Windhoek;Africa;825615;3.1092;1.0146;0.03;2.2991476101671777;0.2936205294598703;0.4026838279743523;0.32879940336491087;0.4014312249572738;0.1856963679296289;0.031302102207305615;2099271;2010
341;145;NAM;Namibia;Windhoek;Africa;825615;3.1092;1.0146;0.03;2.2991476101671777;0.2936205294598703;0.4026838279743523;0.32879940336491087;0.4014312249572738;0.1856963679296289;0.031302102207305615;2282704;2015
342;145;NAM;Namibia;Windhoek;Africa;825615;3.1092;1.0146;0.03;2.2991476101671777;0.2936205294598703;0.4026838279743523;0.32879940336491087;0.4014312249572738;0.1856963679296289;0.031302102207305615;2489098;2020
343;145;NAM;Namibia;Windhoek;Africa;825615;3.1092;1.0146;0.03;2.2991476101671777;0.2936205294598703;0.4026838279743523;0.32879940336491087;0.4014312249572738;0.1856963679296289;0.031302102207305615;2567012;2022
344;146;GAB;Gabon;Libreville;Africa;267668;8.9252;1.0204;0.03;2.8389211509866175;0.25433361464989485;0.3123172753705222;0.29491225071920635;0.5719671467906845;0.339820174682442;0.042057112248988365;597192;1970
345;146;GAB;Gabon;Libreville;Africa;267668;8.9252;1.0204;0.03;2.8389211509866175;0.25433361464989485;0.3123172753705222;0.29491225071920635;0.5719671467906845;0.339820174682442;0.042057112248988365;749078;1980
346;146;GAB;Gabon;Libreville;Africa;267668;8.9252;1.0204;0.03;2.8389211509866175;0.25433361464989485;0.3123172753705222;0.29491225071920635;0.5719671467906845;0.339820174682442;0.042057112248988365;983028;1990
347;146;GAB;Gabon;Libreville;Africa;267668;8.9252;1.0204;0.03;2.8389211509866175;0.25433361464989485;0.3123172753705222;0.29491225071920635;0.5719671467906845;0.339820174682442;0.042057112248988365;1272935;2000
348;146;GAB;Gabon;Libreville;Africa;267668;8.9252;1.0204;0.03;2.8389211509866175;0.25433361464989485;0.3123172753705222;0.29491225071920635;0.5719671467906845;0.339820174682442;0.042057112248988365;1711105;2010
349;146;GAB;Gabon;Libreville;Africa;267668;8.9252;1.0204;0.03;2.8389211509866175;0.25433361464989485;0.3123172753705222;0.29491225071920635;0.5719671467906845;0.339820174682442;0.042057112248988365;2028517;2015
350;146;GAB;Gabon;Libreville;Africa;267668;8.9252;1.0204;0.03;2.8389211509866175;0.25433361464989485;0.3123172753705222;0.29491225071920635;0.5719671467906845;0.339820174682442;0.042057112248988365;2292573;2020
351;146;GAB;Gabon;Libreville;Africa;267668;8.9252;1.0204;0.03;2.8389211509866175;0.25433361464989485;0.3123172753705222;0.29491225071920635;0.5719671467906845;0.339820174682442;0.042057112248988365;2388992;2022
352;147;LSO;Lesotho;Maseru;Africa;30355;75.962;1.0107;0.03;1.2023857795112953;0.37537677787863183;0.2779944475701726;0.11096905664656473;0.11195168690553028;0.11437564856109043;0.022947074220309657;1023481;1970
353;147;LSO;Lesotho;Maseru;Africa;30355;75.962;1.0107;0.03;1.2023857795112953;0.37537677787863183;0.2779944475701726;0.11096905664656473;0.11195168690553028;0.11437564856109043;0.022947074220309657;1407672;1980
354;147;LSO;Lesotho;Maseru;Africa;30355;75.962;1.0107;0.03;1.2023857795112953;0.37537677787863183;0.2779944475701726;0.11096905664656473;0.11195168690553028;0.11437564856109043;0.022947074220309657;1798997;1990
355;147;LSO;Lesotho;Maseru;Africa;30355;75.962;1.0107;0.03;1.2023857795112953;0.37537677787863183;0.2779944475701726;0.11096905664656473;0.11195168690553028;0.11437564856109043;0.022947074220309657;1998630;2000
356;147;LSO;Lesotho;Maseru;Africa;30355;75.962;1.0107;0.03;1.2023857795112953;0.37537677787863183;0.2779944475701726;0.11096905664656473;0.11195168690553028;0.11437564856109043;0.022947074220309657;2022747;2010
357;147;LSO;Lesotho;Maseru;Africa;30355;75.962;1.0107;0.03;1.2023857795112953;0.37537677787863183;0.2779944475701726;0.11096905664656473;0.11195168690553028;0.11437564856109043;0.022947074220309657;2118521;2015
358;147;LSO;Lesotho;Maseru;Africa;30355;75.962;1.0107;0.03;1.2023857795112953;0.37537677787863183;0.2779944475701726;0.11096905664656473;0.11195168690553028;0.11437564856109043;0.022947074220309657;2254100;2020
359;147;LSO;Lesotho;Maseru;Africa;30355;75.962;1.0107;0.03;1.2023857795112953;0.37537677787863183;0.2779944475701726;0.11096905664656473;0.11195168690553028;0.11437564856109043;0.022947074220309657;2305825;2022
360;149;GNB;Guinea-Bissau;Bissau;Africa;36125;58.2856;1.0218;0.03;2.407054353576276;0.4052965962042582;0.1708905518231741;0.26428815747711215;0.4823248018237818;0.28624443281734535;0.044516694876745436;591663;1970
361;149;GNB;Guinea-Bissau;Bissau;Africa;36125;58.2856;1.0218;0.03;2.407054353576276;0.4052965962042582;0.1708905518231741;0.26428815747711215;0.4823248018237818;0.28624443281734535;0.044516694876745436;831462;1980
362;149;GNB;Guinea-Bissau;Bissau;Africa;36125;58.2856;1.0218;0.03;2.407054353576276;0.4052965962042582;0.1708905518231741;0.26428815747711215;0.4823248018237818;0.28624443281734535;0.044516694876745436;973551;1990
363;149;GNB;Guinea-Bissau;Bissau;Africa;36125;58.2856;1.0218;0.03;2.407054353576276;0.4052965962042582;0.1708905518231741;0.26428815747711215;0.4823248018237818;0.28624443281734535;0.044516694876745436;1230849;2000
364;149;GNB;Guinea-Bissau;Bissau;Africa;36125;58.2856;1.0218;0.03;2.407054353576276;0.4052965962042582;0.1708905518231741;0.26428815747711215;0.4823248018237818;0.28624443281734535;0.044516694876745436;1567220;2010
365;149;GNB;Guinea-Bissau;Bissau;Africa;36125;58.2856;1.0218;0.03;2.407054353576276;0.4052965962042582;0.1708905518231741;0.26428815747711215;0.4823248018237818;0.28624443281734535;0.044516694876745436;1788919;2015
366;149;GNB;Guinea-Bissau;Bissau;Africa;36125;58.2856;1.0218;0.03;2.407054353576276;0.4052965962042582;0.1708905518231741;0.26428815747711215;0.4823248018237818;0.28624443281734535;0.044516694876745436;2015828;2020
367;149;GNB;Guinea-Bissau;Bissau;Africa;36125;58.2856;1.0218;0.03;2.407054353576276;0.4052965962042582;0.1708905518231741;0.26428815747711215;0.4823248018237818;0.28624443281734535;0.044516694876745436;2105566;2022
368;152;GNQ;Equatorial Guinea;Malabo;Africa;28051;59.7094;1.0247;0.02;4.035569718098784;-0.108677888028269;0.6479085622050978;0.471331696556109;0.9182425103324637;0.45821288523595644;0.049408884063083275;316955;1970
369;152;GNQ;Equatorial Guinea;Malabo;Africa;28051;59.7094;1.0247;0.02;4.035569718098784;-0.108677888028269;0.6479085622050978;0.471331696556109;0.9182425103324637;0.45821288523595644;0.049408884063083275;282509;1980
370;152;GNQ;Equatorial Guinea;Malabo;Africa;28051;59.7094;1.0247;0.02;4.035569718098784;-0.108677888028269;0.6479085622050978;0.471331696556109;0.9182425103324637;0.45821288523595644;0.049408884063083275;465549;1990
371;152;GNQ;Equatorial Guinea;Malabo;Africa;28051;59.7094;1.0247;0.02;4.035569718098784;-0.108677888028269;0.6479085622050978;0.471331696556109;0.9182425103324637;0.45821288523595644;0.049408884063083275;684977;2000
372;152;GNQ;Equatorial Guinea;Malabo;Africa;28051;59.7094;1.0247;0.02;4.035569718098784;-0.108677888028269;0.6479085622050978;0.471331696556109;0.9182425103324637;0.45821288523595644;0.049408884063083275;1094524;2010
373;152;GNQ;Equatorial Guinea;Malabo;Africa;28051;59.7094;1.0247;0.02;4.035569718098784;-0.108677888028269;0.6479085622050978;0.471331696556109;0.9182425103324637;0.45821288523595644;0.049408884063083275;1346973;2015
374;152;GNQ;Equatorial Guinea;Malabo;Africa;28051;59.7094;1.0247;0.02;4.035569718098784;-0.108677888028269;0.6479085622050978;0.471331696556109;0.9182425103324637;0.45821288523595644;0.049408884063083275;1596049;2020
375;152;GNQ;Equatorial Guinea;Malabo;Africa;28051;59.7094;1.0247;0.02;4.035569718098784;-0.108677888028269;0.6479085622050978;0.471331696556109;0.9182425103324637;0.45821288523595644;0.049408884063083275;1674908;2022
376;157;MUS;Mauritius;Port Louis;Africa;2040;636.9946;1.0004;0.02;0.5634315727338983;0.15028038283852238;0.14182633147094093;0.11523539608727953;0.15875913909517816;0.011297172200447275;0.0012644202467507251;830115;1970
377;157;MUS;Mauritius;Port Louis;Africa;2040;636.9946;1.0004;0.02;0.5634315727338983;0.15028038283852238;0.14182633147094093;0.11523539608727953;0.15875913909517816;0.011297172200447275;0.0012644202467507251;954865;1980
378;157;MUS;Mauritius;Port Louis;Africa;2040;636.9946;1.0004;0.02;0.5634315727338983;0.15028038283852238;0.14182633147094093;0.11523539608727953;0.15875913909517816;0.011297172200447275;0.0012644202467507251;1090290;1990
379;157;MUS;Mauritius;Port Louis;Africa;2040;636.9946;1.0004;0.02;0.5634315727338983;0.15028038283852238;0.14182633147094093;0.11523539608727953;0.15875913909517816;0.011297172200447275;0.0012644202467507251;1215930;2000
380;157;MUS;Mauritius;Port Louis;Africa;2040;636.9946;1.0004;0.02;0.5634315727338983;0.15028038283852238;0.14182633147094093;0.11523539608727953;0.15875913909517816;0.011297172200447275;0.0012644202467507251;1283330;2010
381;157;MUS;Mauritius;Port Louis;Africa;2040;636.9946;1.0004;0.02;0.5634315727338983;0.15028038283852238;0.14182633147094093;0.11523539608727953;0.15875913909517816;0.011297172200447275;0.0012644202467507251;1293153;2015
382;157;MUS;Mauritius;Port Louis;Africa;2040;636.9946;1.0004;0.02;0.5634315727338983;0.15028038283852238;0.14182633147094093;0.11523539608727953;0.15875913909517816;0.011297172200447275;0.0012644202467507251;1297828;2020
383;157;MUS;Mauritius;Port Louis;Africa;2040;636.9946;1.0004;0.02;0.5634315727338983;0.15028038283852238;0.14182633147094093;0.11523539608727953;0.15875913909517816;0.011297172200447275;0.0012644202467507251;1299469;2022
384;159;SWZ;Eswatini;Mbabane;Africa;17364;69.2047;1.0079;0.02;1.6659478622153479;0.3515721495263794;0.42676639423687357;0.20665424684225378;0.23863168804148682;0.07340079278492981;0.017799441835252467;442865;1970
385;159;SWZ;Eswatini;Mbabane;Africa;17364;69.2047;1.0079;0.02;1.6659478622153479;0.3515721495263794;0.42676639423687357;0.20665424684225378;0.23863168804148682;0.07340079278492981;0.017799441835252467;598564;1980
386;159;SWZ;Eswatini;Mbabane;Africa;17364;69.2047;1.0079;0.02;1.6659478622153479;0.3515721495263794;0.42676639423687357;0.20665424684225378;0.23863168804148682;0.07340079278492981;0.017799441835252467;854011;1990
387;159;SWZ;Eswatini;Mbabane;Africa;17364;69.2047;1.0079;0.02;1.6659478622153479;0.3515721495263794;0.42676639423687357;0.20665424684225378;0.23863168804148682;0.07340079278492981;0.017799441835252467;1030496;2000
388;159;SWZ;Eswatini;Mbabane;Africa;17364;69.2047;1.0079;0.02;1.6659478622153479;0.3515721495263794;0.42676639423687357;0.20665424684225378;0.23863168804148682;0.07340079278492981;0.017799441835252467;1099920;2010
389;159;SWZ;Eswatini;Mbabane;Africa;17364;69.2047;1.0079;0.02;1.6659478622153479;0.3515721495263794;0.42676639423687357;0.20665424684225378;0.23863168804148682;0.07340079278492981;0.017799441835252467;1133936;2015
390;159;SWZ;Eswatini;Mbabane;Africa;17364;69.2047;1.0079;0.02;1.6659478622153479;0.3515721495263794;0.42676639423687357;0.20665424684225378;0.23863168804148682;0.07340079278492981;0.017799441835252467;1180655;2020
391;159;SWZ;Eswatini;Mbabane;Africa;17364;69.2047;1.0079;0.02;1.6659478622153479;0.3515721495263794;0.42676639423687357;0.20665424684225378;0.23863168804148682;0.07340079278492981;0.017799441835252467;1201670;2022
392;160;DJI;Djibouti;Djibouti;Africa;23200;48.3125;1.0138;0.01;6.550654873631207;1.2449317421508668;0.7807331212726112;0.28563359685917394;0.4609309828538623;0.18598475411744356;0.02815468611831701;144379;1970
393;160;DJI;Djibouti;Djibouti;Africa;23200;48.3125;1.0138;0.01;6.550654873631207;1.2449317421508668;0.7807331212726112;0.28563359685917394;0.4609309828538623;0.18598475411744356;0.02815468611831701;324121;1980
394;160;DJI;Djibouti;Djibouti;Africa;23200;48.3125;1.0138;0.01;6.550654873631207;1.2449317421508668;0.7807331212726112;0.28563359685917394;0.4609309828538623;0.18598475411744356;0.02815468611831701;577173;1990
395;160;DJI;Djibouti;Djibouti;Africa;23200;48.3125;1.0138;0.01;6.550654873631207;1.2449317421508668;0.7807331212726112;0.28563359685917394;0.4609309828538623;0.18598475411744356;0.02815468611831701;742033;2000
396;160;DJI;Djibouti;Djibouti;Africa;23200;48.3125;1.0138;0.01;6.550654873631207;1.2449317421508668;0.7807331212726112;0.28563359685917394;0.4609309828538623;0.18598475411744356;0.02815468611831701;919199;2010
397;160;DJI;Djibouti;Djibouti;Africa;23200;48.3125;1.0138;0.01;6.550654873631207;1.2449317421508668;0.7807331212726112;0.28563359685917394;0.4609309828538623;0.18598475411744356;0.02815468611831701;1006259;2015
398;160;DJI;Djibouti;Djibouti;Africa;23200;48.3125;1.0138;0.01;6.550654873631207;1.2449317421508668;0.7807331212726112;0.28563359685917394;0.4609309828538623;0.18598475411744356;0.02815468611831701;1090156;2020
399;160;DJI;Djibouti;Djibouti;Africa;23200;48.3125;1.0138;0.01;6.550654873631207;1.2449317421508668;0.7807331212726112;0.28563359685917394;0.4609309828538623;0.18598475411744356;0.02815468611831701;1120849;2022
400;161;REU;Reunion;Saint-Denis;Africa;2511;387.914;1.0082;0.01;1.021041304003798;0.16405338397425753;0.19453155305488387;0.19185665379852868;0.2942843610584856;0.07604731893094267;0.01694469327286281;473925;1970
401;161;REU;Reunion;Saint-Denis;Africa;2511;387.914;1.0082;0.01;1.021041304003798;0.16405338397425753;0.19453155305488387;0.19185665379852868;0.2942843610584856;0.07604731893094267;0.01694469327286281;551674;1980
402;161;REU;Reunion;Saint-Denis;Africa;2511;387.914;1.0082;0.01;1.021041304003798;0.16405338397425753;0.19453155305488387;0.19185665379852868;0.2942843610584856;0.07604731893094267;0.01694469327286281;658992;1990
403;161;REU;Reunion;Saint-Denis;Africa;2511;387.914;1.0082;0.01;1.021041304003798;0.16405338397425753;0.19453155305488387;0.19185665379852868;0.2942843610584856;0.07604731893094267;0.01694469327286281;785424;2000
404;161;REU;Reunion;Saint-Denis;Africa;2511;387.914;1.0082;0.01;1.021041304003798;0.16405338397425753;0.19453155305488387;0.19185665379852868;0.2942843610584856;0.07604731893094267;0.01694469327286281;890130;2010
405;161;REU;Reunion;Saint-Denis;Africa;2511;387.914;1.0082;0.01;1.021041304003798;0.16405338397425753;0.19453155305488387;0.19185665379852868;0.2942843610584856;0.07604731893094267;0.01694469327286281;922495;2015
406;161;REU;Reunion;Saint-Denis;Africa;2511;387.914;1.0082;0.01;1.021041304003798;0.16405338397425753;0.19453155305488387;0.19185665379852868;0.2942843610584856;0.07604731893094267;0.01694469327286281;957822;2020
407;161;REU;Reunion;Saint-Denis;Africa;2511;387.914;1.0082;0.01;1.021041304003798;0.16405338397425753;0.19453155305488387;0.19185665379852868;0.2942843610584856;0.07604731893094267;0.01694469327286281;974052;2022
408;163;COM;Comoros;Moroni;Africa;1862;449.3953;1.0184;0.01;2.326439750609653;0.3547623075621722;0.3130741210009503;0.24503443364825025;0.4190063305996371;0.2288666268307257;0.03796736652252762;242351;1970
409;163;COM;Comoros;Moroni;Africa;1862;449.3953;1.0184;0.01;2.326439750609653;0.3547623075621722;0.3130741210009503;0.24503443364825025;0.4190063305996371;0.2288666268307257;0.03796736652252762;328328;1980
410;163;COM;Comoros;Moroni;Africa;1862;449.3953;1.0184;0.01;2.326439750609653;0.3547623075621722;0.3130741210009503;0.24503443364825025;0.4190063305996371;0.2288666268307257;0.03796736652252762;431119;1990
411;163;COM;Comoros;Moroni;Africa;1862;449.3953;1.0184;0.01;2.326439750609653;0.3547623075621722;0.3130741210009503;0.24503443364825025;0.4190063305996371;0.2288666268307257;0.03796736652252762;536758;2000
412;163;COM;Comoros;Moroni;Africa;1862;449.3953;1.0184;0.01;2.326439750609653;0.3547623075621722;0.3130741210009503;0.24503443364825025;0.4190063305996371;0.2288666268307257;0.03796736652252762;656024;2010
413;163;COM;Comoros;Moroni;Africa;1862;449.3953;1.0184;0.01;2.326439750609653;0.3547623075621722;0.3130741210009503;0.24503443364825025;0.4190063305996371;0.2288666268307257;0.03796736652252762;730216;2015
414;163;COM;Comoros;Moroni;Africa;1862;449.3953;1.0184;0.01;2.326439750609653;0.3547623075621722;0.3130741210009503;0.24503443364825025;0.4190063305996371;0.2288666268307257;0.03796736652252762;806166;2020
415;163;COM;Comoros;Moroni;Africa;1862;449.3953;1.0184;0.01;2.326439750609653;0.3547623075621722;0.3130741210009503;0.24503443364825025;0.4190063305996371;0.2288666268307257;0.03796736652252762;836774;2022
416;171;CPV;Cape Verde;Praia;Africa;4033;147.0739;1.0089;0.01;1.0282529537495388;0.1043368075136983;0.14919270948259014;0.2569871325395062;0.3418410434456226;0.1178560739200172;0.018036866675820405;287262;1970
417;171;CPV;Cape Verde;Praia;Africa;4033;147.0739;1.0089;0.01;1.0282529537495388;0.1043368075136983;0.14919270948259014;0.2569871325395062;0.3418410434456226;0.1178560739200172;0.018036866675820405;317234;1980
418;171;CPV;Cape Verde;Praia;Africa;4033;147.0739;1.0089;0.01;1.0282529537495388;0.1043368075136983;0.14919270948259014;0.2569871325395062;0.3418410434456226;0.1178560739200172;0.018036866675820405;364563;1990
419;171;CPV;Cape Verde;Praia;Africa;4033;147.0739;1.0089;0.01;1.0282529537495388;0.1043368075136983;0.14919270948259014;0.2569871325395062;0.3418410434456226;0.1178560739200172;0.018036866675820405;458251;2000
420;171;CPV;Cape Verde;Praia;Africa;4033;147.0739;1.0089;0.01;1.0282529537495388;0.1043368075136983;0.14919270948259014;0.2569871325395062;0.3418410434456226;0.1178560739200172;0.018036866675820405;521212;2010
421;171;CPV;Cape Verde;Praia;Africa;4033;147.0739;1.0089;0.01;1.0282529537495388;0.1043368075136983;0.14919270948259014;0.2569871325395062;0.3418410434456226;0.1178560739200172;0.018036866675820405;552166;2015
422;171;CPV;Cape Verde;Praia;Africa;4033;147.0739;1.0089;0.01;1.0282529537495388;0.1043368075136983;0.14919270948259014;0.2569871325395062;0.3418410434456226;0.1178560739200172;0.018036866675820405;582640;2020
423;171;CPV;Cape Verde;Praia;Africa;4033;147.0739;1.0089;0.01;1.0282529537495388;0.1043368075136983;0.14919270948259014;0.2569871325395062;0.3418410434456226;0.1178560739200172;0.018036866675820405;593149;2022
424;172;ESH;Western Sahara;El Aaiún;Africa;266000;2.1654;1.0184;0.01;6.280878867633002;0.529048984562203;0.5288289445514879;0.5144598356569521;0.868301433194637;0.34539893925902987;0.03585661669496159;76371;1970
425;172;ESH;Western Sahara;El Aaiún;Africa;266000;2.1654;1.0184;0.01;6.280878867633002;0.529048984562203;0.5288289445514879;0.5144598356569521;0.868301433194637;0.34539893925902987;0.03585661669496159;116775;1980
426;172;ESH;Western Sahara;El Aaiún;Africa;266000;2.1654;1.0184;0.01;6.280878867633002;0.529048984562203;0.5288289445514879;0.5144598356569521;0.868301433194637;0.34539893925902987;0.03585661669496159;178529;1990
427;172;ESH;Western Sahara;El Aaiún;Africa;266000;2.1654;1.0184;0.01;6.280878867633002;0.529048984562203;0.5288289445514879;0.5144598356569521;0.868301433194637;0.34539893925902987;0.03585661669496159;270375;2000
428;172;ESH;Western Sahara;El Aaiún;Africa;266000;2.1654;1.0184;0.01;6.280878867633002;0.529048984562203;0.5288289445514879;0.5144598356569521;0.868301433194637;0.34539893925902987;0.03585661669496159;413296;2010
429;172;ESH;Western Sahara;El Aaiún;Africa;266000;2.1654;1.0184;0.01;6.280878867633002;0.529048984562203;0.5288289445514879;0.5144598356569521;0.868301433194637;0.34539893925902987;0.03585661669496159;491824;2015
430;172;ESH;Western Sahara;El Aaiún;Africa;266000;2.1654;1.0184;0.01;6.280878867633002;0.529048984562203;0.5288289445514879;0.5144598356569521;0.868301433194637;0.34539893925902987;0.03585661669496159;556048;2020
431;172;ESH;Western Sahara;El Aaiún;Africa;266000;2.1654;1.0184;0.01;6.280878867633002;0.529048984562203;0.5288289445514879;0.5144598356569521;0.868301433194637;0.34539893925902987;0.03585661669496159;575986;2022
432;182;MYT;Mayotte;Mamoudzou;Africa;374;871.9278;1.0319;0.0;7.636548625045926;0.4762173925331374;0.7739551624451975;0.7182896426682783;0.7482146782652388;0.4429046301455243;0.06712981900408067;35383;1970
433;182;MYT;Mayotte;Mamoudzou;Africa;374;871.9278;1.0319;0.0;7.636548625045926;0.4762173925331374;0.7739551624451975;0.7182896426682783;0.7482146782652388;0.4429046301455243;0.06712981900408067;52233;1980
434;182;MYT;Mayotte;Mamoudzou;Africa;374;871.9278;1.0319;0.0;7.636548625045926;0.4762173925331374;0.7739551624451975;0.7182896426682783;0.7482146782652388;0.4429046301455243;0.06712981900408067;92659;1990
435;182;MYT;Mayotte;Mamoudzou;Africa;374;871.9278;1.0319;0.0;7.636548625045926;0.4762173925331374;0.7739551624451975;0.7182896426682783;0.7482146782652388;0.4429046301455243;0.06712981900408067;159215;2000
436;182;MYT;Mayotte;Mamoudzou;Africa;374;871.9278;1.0319;0.0;7.636548625045926;0.4762173925331374;0.7739551624451975;0.7182896426682783;0.7482146782652388;0.4429046301455243;0.06712981900408067;211786;2010
437;182;MYT;Mayotte;Mamoudzou;Africa;374;871.9278;1.0319;0.0;7.636548625045926;0.4762173925331374;0.7739551624451975;0.7182896426682783;0.7482146782652388;0.4429046301455243;0.06712981900408067;249545;2015
438;182;MYT;Mayotte;Mamoudzou;Africa;374;871.9278;1.0319;0.0;7.636548625045926;0.4762173925331374;0.7739551624451975;0.7182896426682783;0.7482146782652388;0.4429046301455243;0.06712981900408067;305587;2020
439;182;MYT;Mayotte;Mamoudzou;Africa;374;871.9278;1.0319;0.0;7.636548625045926;0.4762173925331374;0.7739551624451975;0.7182896426682783;0.7482146782652388;0.4429046301455243;0.06712981900408067;326101;2022
440;187;STP;Sao Tome and Principe;São Tomé;Africa;964;235.8714;1.0192;0.0;1.8181560393385148;0.2529806787569442;0.23796934471762166;0.19420323575114465;0.4299859443060523;0.20041397182356235;0.039969630581638396;77583;1970
441;187;STP;Sao Tome and Principe;São Tomé;Africa;964;235.8714;1.0192;0.0;1.8181560393385148;0.2529806787569442;0.23796934471762166;0.19420323575114465;0.4299859443060523;0.20041397182356235;0.039969630581638396;97210;1980
442;187;STP;Sao Tome and Principe;São Tomé;Africa;964;235.8714;1.0192;0.0;1.8181560393385148;0.2529806787569442;0.23796934471762166;0.19420323575114465;0.4299859443060523;0.20041397182356235;0.039969630581638396;120343;1990
443;187;STP;Sao Tome and Principe;São Tomé;Africa;964;235.8714;1.0192;0.0;1.8181560393385148;0.2529806787569442;0.23796934471762166;0.19420323575114465;0.4299859443060523;0.20041397182356235;0.039969630581638396;143714;2000
444;187;STP;Sao Tome and Principe;São Tomé;Africa;964;235.8714;1.0192;0.0;1.8181560393385148;0.2529806787569442;0.23796934471762166;0.19420323575114465;0.4299859443060523;0.20041397182356235;0.039969630581638396;182138;2010
445;187;STP;Sao Tome and Principe;São Tomé;Africa;964;235.8714;1.0192;0.0;1.8181560393385148;0.2529806787569442;0.23796934471762166;0.19420323575114465;0.4299859443060523;0.20041397182356235;0.039969630581638396;201124;2015
446;187;STP;Sao Tome and Principe;São Tomé;Africa;964;235.8714;1.0192;0.0;1.8181560393385148;0.2529806787569442;0.23796934471762166;0.19420323575114465;0.4299859443060523;0.20041397182356235;0.039969630581638396;218641;2020
447;187;STP;Sao Tome and Principe;São Tomé;Africa;964;235.8714;1.0192;0.0;1.8181560393385148;0.2529806787569442;0.23796934471762166;0.19420323575114465;0.4299859443060523;0.20041397182356235;0.039969630581638396;227380;2022
448;196;SYC;Seychelles;Victoria;Africa;452;236.9867;1.0061;0.0;0.9406388495558947;0.20064730870372754;0.08832899372032471;0.1267010991176098;0.26669997501873594;0.1419883344695863;0.015047853690893585;54379;1970
449;196;SYC;Seychelles;Victoria;Africa;452;236.9867;1.0061;0.0;0.9406388495558947;0.20064730870372754;0.08832899372032471;0.1267010991176098;0.26669997501873594;0.1419883344695863;0.015047853690893585;65290;1980
450;196;SYC;Seychelles;Victoria;Africa;452;236.9867;1.0061;0.0;0.9406388495558947;0.20064730870372754;0.08832899372032471;0.1267010991176098;0.26669997501873594;0.1419883344695863;0.015047853690893585;71057;1990
451;196;SYC;Seychelles;Victoria;Africa;452;236.9867;1.0061;0.0;0.9406388495558947;0.20064730870372754;0.08832899372032471;0.1267010991176098;0.26669997501873594;0.1419883344695863;0.015047853690893585;80060;2000
452;196;SYC;Seychelles;Victoria;Africa;452;236.9867;1.0061;0.0;0.9406388495558947;0.20064730870372754;0.08832899372032471;0.1267010991176098;0.26669997501873594;0.1419883344695863;0.015047853690893585;92409;2010
453;196;SYC;Seychelles;Victoria;Africa;452;236.9867;1.0061;0.0;0.9406388495558947;0.20064730870372754;0.08832899372032471;0.1267010991176098;0.26669997501873594;0.1419883344695863;0.015047853690893585;99240;2015
454;196;SYC;Seychelles;Victoria;Africa;452;236.9867;1.0061;0.0;0.9406388495558947;0.20064730870372754;0.08832899372032471;0.1267010991176098;0.26669997501873594;0.1419883344695863;0.015047853690893585;105530;2020
455;196;SYC;Seychelles;Victoria;Africa;452;236.9867;1.0061;0.0;0.9406388495558947;0.20064730870372754;0.08832899372032471;0.1267010991176098;0.26669997501873594;0.1419883344695863;0.015047853690893585;107118;2022
